,Seq,Time,ACCx,ACCy,ACCz,ADGx,ADGy,ADGz,Keydown
0,1,1566471281726,0.0,0.0,0.0,0.0,0.0,0.0,-1
1,2,1566471281736,0.0451,0.25779998,-0.025999999,0.21267214,3.8208968999999997,9.072942999999999,-1
2,3,1566471281747,0.0,-0.0015,-0.0036,0.23595338,3.7911704,9.040227999999999,-1
3,4,1566471281756,0.0267,-0.044000000000000004,-0.0218,0.23360705,3.7706091,9.049565,-1
4,5,1566471281766,0.021699998999999998,-0.0525,-0.0026,0.23342510000000002,3.7915822999999995,9.074494,-1
5,6,1566471281776,0.0233,-0.0167,0.0438,0.31844798,3.890961,9.085986,-1
6,7,1566471281787,0.0901,0.0779,0.0357,0.3834745,3.9918141000000005,8.98268,-1
7,8,1566471281797,0.18689999,0.34559998,-0.1498,0.45774263,4.2060184000000005,8.872309,-1
8,9,1566471281808,0.1761,0.60069996,-0.12709999,0.45486000000000004,4.548332,8.898194,-1
9,10,1566471281818,0.243,0.87869996,-0.0762,0.52719367,4.7885184,8.924109,-1
10,11,1566471281829,0.3182,1.1337,-0.063,0.6330557,5.1195216,8.918267,-1
11,12,1566471281839,0.3182,1.1337,-0.063,0.7123995,5.3127527,8.935592,-1
12,13,1566471281849,0.42589998,1.5469998999999999,0.0363,0.74624395,5.604816400000001,9.017377999999999,-1
13,14,1566471281860,0.3349,1.7277,0.121199995,0.6209026999999999,5.8694714999999995,9.117953,-1
14,15,1566471281870,0.18769999,1.8887,0.2846,0.48337975,6.014053,9.237798,-1
15,16,1566471281880,-0.0359,1.9417,0.4973,0.22939324,6.0424385,9.48893,-1
16,17,1566471281891,-0.3071,1.8661,0.7302,-0.16651194,5.9936347,9.754103,-1
17,18,1566471281902,-0.6558,1.7593,1.0229,-0.45170927,5.9180737,10.04678,-1
18,19,1566471281912,-0.98499995,1.6702,1.4147999,-0.8030344,5.9196253,10.529699,-1
19,20,1566471281922,-1.2571,1.6958,1.8476,-0.96689355,6.028514,10.808451,-1
20,21,1566471281933,-1.3922,1.7946999,2.1657,-1.0129101,6.2104254,11.009985,-1
21,22,1566471281943,-1.3669,1.8965,2.2127,-0.9375023000000001,6.375118,10.914122,-1
22,23,1566471281954,-1.2857,1.9418999,2.1361,-0.8484189,6.393285,10.772432,-1
23,24,1566471281964,-1.1373,1.8630999,1.9748,-0.71927565,6.156402,10.562327,-1
24,25,1566471281975,-1.0682,1.4858999,1.8847,-0.75041944,5.7568293,10.555423,-1
25,26,1566471281985,-1.1366,0.9112,1.9332,-1.1317008,5.0907817,10.626357,-1
26,27,1566471281995,-1.4973999,0.24919999,2.0207999,-1.7033116999999998,4.4480433,10.588424,-1
27,28,1566471282005,-1.9121,-0.35079998,2.0289,-1.8494154999999999,4.250139,10.5516205,-1
28,29,1566471282015,-2.2633,-0.96559995,1.9762,-2.3883789,3.6116339999999996,10.420649000000001,-1
29,30,1566471282025,-2.5846,-1.5538,1.8910999,-2.7231555,2.9200353999999997,10.34797,-1
30,31,1566471282035,-2.7632,-2.1919999999999997,1.8905,-2.9755807,2.2587185,10.390739,-1
31,32,1566471282046,-2.8611999,-2.7615,1.9440998999999999,-3.0958368999999997,1.8678221999999998,10.30857,-1
32,33,1566471282055,-2.9257998,-3.2616,1.8455,-3.255645,1.5517969999999999,10.136935000000001,-1
33,34,1566471282065,-3.0339,-3.6727998,1.6341,-3.3164097999999997,1.2627594,9.828725,-1
34,35,1566471282076,-2.8843,-3.8392,1.3888999,-3.064741,1.0962571,9.65912,-1
35,36,1566471282086,-2.5686,-3.9773,1.2672,-2.907691,1.0298994000000001,9.518550999999999,-1
36,37,1566471282096,-2.2635,-4.0590997,1.0932,-2.686007,0.73122746,9.299271000000001,-1
37,38,1566471282106,-1.9869,-4.3206997000000005,0.9165,-2.6517124,0.5881116999999999,9.245459,-1
38,39,1566471282116,-1.8450999,-4.6445,0.7766,-2.6720154,-0.005401319,8.999564,-1
39,40,1566471282126,-1.7682999,-5.0018,0.59569997,-2.7328377,-0.35959953,8.85688,-1
40,41,1566471282136,-1.7371,-5.3831,0.39389998,-2.7813727999999998,-0.82185286,8.528645,-1
41,42,1566471282147,-1.6538999,-5.7486,0.1218,-2.71807,-1.0824186000000002,8.295103999999998,-1
42,43,1566471282157,-1.4409999999999998,-6.0484,-0.1619,-2.539884,-1.3786101,8.141991,-1
43,44,1566471282167,-0.8663,-6.4884996,-0.42839998,-2.3424869999999998,-1.7490027,8.014811,-1
44,45,1566471282177,-0.8663,-6.4884996,-0.42839998,-2.3813400000000002,-1.7706176,7.972078999999999,-1
45,46,1566471282187,-0.7844,-6.4578,-0.49469998,-2.3953222999999997,-1.7895125,7.893233,-1
46,47,1566471282197,-0.31149998,-6.3953,-0.82009995,-2.13377,-1.9319867,7.721674,-1
47,48,1566471282207,-0.31149998,-6.3953,-0.82009995,-1.8131960999999999,-2.03556,7.655211,-1
48,49,1566471282217,0.863,-5.9901,-1.2435,-1.1828506,-1.927907,7.455956,-1
49,50,1566471282228,1.4580000000000002,-5.6117,-1.5606999,-0.5387624,-1.6489443,7.125211200000001,-1
50,51,1566471282238,1.4580000000000002,-5.6117,-1.5606999,-0.13629712,-1.549872,6.8861837,-1
51,52,1566471282248,2.4273999,-5.3973,-2.1516,0.3928023,-1.4019392,6.5087047,-1
52,53,1566471282258,2.7646,-5.2686,-2.4213,0.6727899,-1.28764,6.2928242999999995,-1
53,54,1566471282268,3.1058,-5.0832996,-2.6097999,1.1198447,-1.0732057,6.0757847,-1
54,55,1566471282279,3.5554997999999998,-4.879699700000001,-2.5907,1.6267356000000002,-0.87434334,6.219695,-1
55,56,1566471282289,3.5554997999999998,-4.879699700000001,-2.5907,1.7897136000000002,-0.8019044,6.2943945,-1
56,57,1566471282299,4.4284,-4.2658,-1.8722,2.4249337000000004,-0.26490405,7.175537599999999,-1
57,58,1566471282309,4.6965,-3.832,-1.2793,2.6826456000000003,0.013895946999999999,7.6295834000000005,-1
58,59,1566471282319,5.23,-3.4213998,-0.85719997,3.4095445,0.42367795,8.1144285,-1
59,60,1566471282330,5.8683996,-2.9095,-0.67149997,3.9526449999999995,0.85876185,8.220146000000002,-1
60,61,1566471282340,6.3108997,-2.2770998,-0.79969996,4.4657029999999995,1.4647341999999999,8.028955,-1
61,62,1566471282351,6.7072,-1.6893,-1.1241,4.9719430000000004,2.144017,7.6539660000000005,-1
62,63,1566471282361,7.1127996,-0.9284,-1.4695,5.318135,2.7350116,7.4771494999999994,-1
63,64,1566471282371,7.4423,-0.1007,-1.5631,5.588871,3.3034809999999997,7.480118300000001,-1
64,65,1566471282382,7.8166,0.6362,-1.5431,6.1398725999999995,4.081319000000001,7.647348,-1
65,66,1566471282392,8.232699,1.4275,-1.3793,6.7111483,4.8204665,7.9482612999999995,-1
66,67,1566471282402,8.6509,2.1715999,-1.129,7.085065400000001,5.3580227,8.188687,-1
67,68,1566471282412,8.953199,3.0123,-0.8592,7.520963,6.3088940000000004,8.642283,-1
68,69,1566471282423,9.0924,3.9376998,-0.5099,7.651361,7.266996000000001,9.066257,-1
69,70,1566471282432,9.0746,4.8296,-0.2559,7.772431399999999,7.789008,9.206779,-1
70,71,1566471282442,9.0364,5.5025997,-0.18429999,7.787696400000001,8.17505,9.205341,-1
71,72,1566471282452,8.905499,6.0669,-0.4226,7.5899644,8.827432,8.531469,-1
72,73,1566471282462,8.5962,6.7313,-1.1675999,7.6065125,9.147939,8.240421000000001,-1
73,74,1566471282472,8.6097,7.1682,-1.1273,7.6919759999999995,9.388614,8.505305,-1
74,75,1566471282482,8.3108,7.5972,-0.6264,7.40223,9.752063,9.187424,-1
75,76,1566471282492,7.921,8.0178995,-0.065799996,7.0415773,10.0618725,9.894862,-1
76,77,1566471282502,7.436899700000001,8.3505,0.42819998,6.6380296,10.165637,10.286534,-1
77,78,1566471282512,6.723099700000001,8.584,1.0034,5.9874480000000005,10.203935000000001,11.163157,-1
78,79,1566471282522,6.1024,8.7653,1.8368,5.5935163,10.218845,11.920021,-1
79,80,1566471282532,5.473,9.026199,2.8355,4.918332,10.2963705,13.195479,-1
80,81,1566471282542,4.7973,9.178599,3.8781998,4.4794846,10.251961999999999,14.101101000000002,-1
81,82,1566471282552,4.1846,9.1807995,5.0091,3.8710603999999997,10.008194,15.440435999999998,-1
82,83,1566471282563,3.5344,9.0637,6.0374,3.0780432,9.654485000000001,16.500349,-1
83,84,1566471282573,2.7491,8.8365,6.8547997,2.584014,9.357383,16.943565,-1
84,85,1566471282583,2.0370998,8.493199,7.3236,1.9284146,8.785102,17.325218,-1
85,86,1566471282593,1.4563,8.0188,7.5806,1.440505,8.332837,17.411486,-1
86,87,1566471282603,0.6641,7.3833,7.6253996,0.8447988000000001,7.8601546,17.432873,-1
87,88,1566471282613,-0.13319999,6.6966996,7.6542997,0.0034763808,7.100369000000001,17.418468,-1
88,89,1566471282623,-0.871,5.9742,7.6579999999999995,-0.6133849,6.419439,17.362013,-1
89,90,1566471282634,-1.3715,5.2896,7.5586996,-0.79178166,5.9873624,17.222317,-1
90,91,1566471282644,-1.5715,4.6672,7.4055995999999995,-0.76868236,5.4419246,16.82984,-1
91,92,1566471282654,-1.6049,4.0042,7.0715,-0.7940418,5.0240792999999995,16.496192999999998,-1
92,93,1566471282664,-1.7041998999999999,3.2656999,6.625099700000001,-0.8184722,4.3893666,15.889368,-1
93,94,1566471282674,-1.722,2.5346,6.2039,-0.80355155,3.9178714999999995,15.527269,-1
94,95,1566471282684,-1.7852,1.7067,5.7096,-0.9878093000000001,3.221609,14.825069000000001,-1
95,96,1566471282694,-1.9718,0.8928,5.1617,-1.0521176,2.7795053,14.323714,-1
96,97,1566471282706,-2.0279,0.16399999,4.6679,-1.0607271,2.4452078,13.915876,-1
97,98,1566471282715,-1.9581,-0.4484,4.218899700000001,-0.9076323000000001,1.9051429,13.008453999999999,-1
98,99,1566471282725,-1.8237,-0.99249995,3.6773,-0.7236331,1.66533,12.470266,-1
99,100,1566471282736,-1.5761,-1.4868,3.0823998,-0.42608172,1.387823,11.748453,-1
100,101,1566471282746,-1.2965,-1.969,2.5614,-0.31684867,1.2244233999999998,11.387819,-1
101,102,1566471282757,-1.1446999,-2.3792999,2.1927,-0.25231054,0.99163043,11.022139,-1
102,103,1566471282766,-1.0809,-2.8051,2.0051,-0.30311552,0.831468,10.773947,-1
103,104,1566471282777,-1.1133,-3.6938998999999995,1.5839,-0.3523403,0.5331024999999999,10.410132,-1
104,105,1566471282786,-1.1218,-3.6938998999999995,1.5839,-0.44212288,0.34567484,10.085507000000002,-1
105,106,1566471282796,-1.1826999,-4.1061997,1.29,-0.52895576,0.15919527,9.570266,-1
106,107,1566471282806,-1.2166,-4.4714,0.9386,-0.66881543,0.061339445,9.201425,-1
107,108,1566471282816,-1.3311,-4.777,0.52779996,-0.8628703000000001,-0.10654198,8.630360000000001,-1
108,109,1566471282827,-1.4125,-5.3975,-0.1257,-0.9065214,-0.23657586,8.295258,-1
109,110,1566471282837,-1.4125,-5.3975,-0.1257,-0.8797541999999999,-0.3908295,7.852905000000001,-1
110,111,1566471282847,-1.3476,-5.8616,-0.73039997,-1.0382025,-0.45805866,7.344166,-1
111,112,1566471282857,-1.4553,-6.0267,-1.1457,-1.1661774,-0.5033474,6.955222999999999,-1
112,113,1566471282867,-1.4038,-6.1769,-1.5881,-1.1565143,-0.560473,6.3119106,-1
113,114,1566471282878,-1.4038,-6.1769,-1.5881,-1.1310306,-0.6137009,5.9839144,-1
114,115,1566471282888,-1.2492,-6.348799700000001,-1.9775,-1.070553,-0.6319352,5.654214,-1
115,116,1566471282898,-0.9331,-6.4480996,-2.5776,-0.9569528,-0.59717137,5.294490000000001,-1
116,117,1566471282909,-0.8231,-6.4579,-2.6483998,-0.8792754,-0.57234824,5.172711,-1
117,118,1566471282919,-0.69299996,-6.5074,-2.6961,-0.8283459000000001,-0.5669853,5.1055107,-1
118,119,1566471282930,-0.5812,-6.5494,-2.7784998,-0.7732121999999999,-0.5877574000000001,4.977698999999999,-1
119,120,1566471282939,-0.5812,-6.5494,-2.7784998,-0.8734814000000001,-0.6030131999999999,4.903555,-1
120,121,1566471282949,-0.6387,-6.6545,-2.8883,-0.8881530999999999,-0.644749,4.817048000000001,-1
121,122,1566471282960,-0.61329997,-6.6705,-3.0224,-0.8621999,-0.6448639,4.6309323,-1
122,123,1566471282970,-0.5779,-6.7014,-3.1604997999999997,-0.8273881999999999,-0.6706829000000001,4.562410400000001,-1
123,124,1566471282980,-0.5432,-6.7275,-3.1750998,-0.77122027,-0.69177103,4.5377684,-1
124,125,1566471282990,-0.528,-6.7483997,-3.1843998,-0.75651985,-0.7141329000000001,4.565599,-1
125,126,1566471283001,-0.5008,-6.8420000000000005,-3.0904,-0.68522054,-0.8049881,4.685357,-1
126,127,1566471283011,-0.5193,-6.8610997000000005,-2.9815998,-0.6951516999999999,-0.81303257,4.777035700000001,-1
127,128,1566471283022,-0.48319998,-6.8339996,-2.9564998,-0.5829498000000001,-0.80792814,4.8056803,-1
128,129,1566471283032,-0.3617,-6.799299700000001,-2.9371998,-0.34537795,-0.7960625,4.8579597,-1
129,130,1566471283042,-0.12529999,-6.7166996,-2.9145,-0.009471462,-0.6654061,4.9115324000000005,-1
130,131,1566471283053,0.0307,-6.5846995999999995,-2.9089,0.037378278,-0.6839564,4.97766,-1
131,132,1566471283063,0.03,-6.5881996,-2.9213,0.092042685,-0.80116695,5.0013819999999996,-1
132,133,1566471283073,0.021699998999999998,-6.617799799999999,-2.8541,-0.009797073,-0.95221233,5.318518,-1
133,134,1566471283084,-0.15359999,-6.7597,-2.434,-0.1723921,-1.2092346,6.124061599999999,-1
134,135,1566471283094,-0.2828,-6.8472,-1.7779,-0.17090770000000002,-1.282593,6.780197,-1
135,136,1566471283104,-0.3448,-6.7545,-1.0602,-0.22865584,-1.2026362,7.31578,-1
136,137,1566471283114,-0.47309998,-6.5123997000000005,-0.62259996,-0.16845602,-1.0518493999999998,7.8186100000000005,-1
137,138,1566471283124,-0.2835,-6.2398996,-0.29709998,0.122257516,-0.89911854,8.476747999999999,-1
138,139,1566471283135,-0.1431,-5.9574,0.2217,0.25752032,-0.69380134,9.018364,-1
139,140,1566471283145,0.014599998999999999,-5.4793,0.84669995,0.5298847,-0.26945302,9.848721000000001,-1
140,141,1566471283156,0.2616,-4.9446,1.4124,0.903543,0.35305858,10.554052,-1
141,142,1566471283166,0.5015,-4.2764997000000005,1.9103999,0.8830869,1.1430398000000002,11.163865,-1
142,143,1566471283176,0.44939998,-3.4373,2.3516,0.9536966999999998,1.5863118999999999,11.233852,-1
143,144,1566471283187,0.49069998,-2.6931,2.4129,1.0872165,2.1494951,11.153647,-1
144,145,1566471283197,0.7108,-0.7161,2.0540000000000003,1.2134771,3.203461,11.03251,-1
145,146,1566471283207,0.98029995,0.5771,2.3011,1.6131556,4.5339766,11.48127,-1
146,147,1566471283217,1.4146999,2.0108,2.9844,2.0044734,5.5636363,12.117716,-1
147,148,1566471283227,1.4146999,2.0108,3.6936998,2.8743634,7.167684599999999,13.011643,-1
148,149,1566471283237,2.006,3.5811,3.6936998,3.8693937999999997,8.044106,13.362967999999999,-1
149,150,1566471283248,4.0148997,5.9167,4.1387,4.9617915,9.061106,13.413735,-1
150,151,1566471283258,4.361799700000001,6.6636,3.9197998,5.209074,9.483136,13.287887,-1
151,152,1566471283268,4.0559,7.0088,4.0456,4.779047,9.615439,13.543645000000001,-1
152,153,1566471283278,3.2043998,6.9423,4.5857997,3.6072383,9.256712,14.291957,-1
153,154,1566471283288,3.2043998,6.9423,5.022,3.214302,9.073488000000001,14.565010999999998,-1
154,155,1566471283298,1.7558,6.719599700000001,4.9532,2.5832479999999998,8.844152000000001,14.507933999999999,-1
155,156,1566471283308,1.7291,6.4164996,4.6247,2.5325005000000003,8.247929,14.108120999999999,-1
156,157,1566471283318,1.6712999,5.9412,4.1833,2.4155867000000004,7.791843400000001,13.796214,-1
157,158,1566471283328,1.4518,5.530999700000001,3.8734998999999997,2.0888357,7.163796400000001,13.472691000000001,-1
158,159,1566471283338,0.98569995,5.0772,3.7247999,1.6545657999999999,6.695423,13.386192000000001,-1
159,160,1566471283348,0.58739996,4.4423,3.6385998999999996,1.1122121,5.8519654,13.270093,-1
160,161,1566471283359,0.1433,3.909,3.2909,0.5168603,5.148606299999999,12.792803999999999,-1
161,162,1566471283369,-0.20969999,3.4673,2.7598999,0.24369141,4.7731185,12.291209,-1
162,163,1566471283379,-0.317,3.1473,2.0256998999999998,0.13345279999999998,4.423259,11.483367,-1
163,164,1566471283389,-0.2802,2.9608998,1.4017,0.15659994,4.243243700000001,10.970433,-1
164,165,1566471283399,-0.2197,2.7835,0.79929996,0.21010555,4.0006537,10.2415905,-1
165,166,1566471283410,0.013599999,2.5584,0.1396,0.40897754,3.805392,9.770373,-1
166,167,1566471283420,0.3021,2.3574998,-0.2936,0.6166219000000001,3.6400580000000002,9.439313,-1
167,168,1566471283431,0.33859998,2.291,-0.54969996,0.6365128999999999,3.4951322,9.0472,-1
168,169,1566471283441,0.4003,2.1654,-0.7859,0.7345219,3.4046792999999997,8.829835000000001,-1
169,170,1566471283451,0.5609,2.0414999,-1.1007999,0.8481412,3.2910123,8.494444999999999,-1
170,171,1566471283461,0.6447,2.0004,-1.2985,0.827235,3.2071099999999997,8.390125999999999,-1
171,172,1566471283471,0.5818,1.8089,-1.3988999,0.7556484,3.0340474,8.348581,-1
172,173,1566471283482,0.5298,1.6636,-1.3334999,0.67210984,2.8824751,8.485348,-1
173,174,1566471283492,0.2791,1.8571,-0.86649996,0.7701189,2.8545012,8.677669,-1
174,175,1566471283503,0.6139,1.6894,-1.0074999,0.73943484,2.8787212,8.7032585,-1
175,176,1566471283513,0.5624,1.7371999,-0.9522,0.6294451999999999,2.8803492000000004,8.898232,-1
176,177,1566471283523,0.5361,1.7451999,-0.72999996,0.9141541,3.1275744,9.234541,-1
177,178,1566471283533,0.93799996,2.0154998,-0.4779,0.89627415,2.580844,9.366482000000001,-1
178,179,1566471283544,0.8063,1.4175999,-0.3037,0.71266764,2.5526116,9.681328,-1
179,180,1566471283553,0.6033,1.4929999,-0.011299999,0.5430624,2.5723016,9.80418,-1
180,181,1566471283563,0.4287,1.4872999,0.0557,0.44219947,2.4620342,9.879722000000001,-1
181,182,1566471283574,0.2943,1.4595,0.15259999,0.35372895,2.2524745,10.009047,-1
182,183,1566471283584,0.2368,1.1347,0.3184,0.16700035,2.014893,10.164975,-1
183,184,1566471283594,0.0495,0.9540000000000001,0.44529998,-0.08593269,1.9470797,10.269402000000001,-1
184,185,1566471283604,-0.1282,0.92679995,0.5039,-0.11924082,1.8897147,10.345547,-1
185,186,1566471283615,-0.20899999,0.75879997,0.70019996,-0.21289241,1.7284221999999998,10.527927,-1
186,187,1566471283625,-0.3006,0.64599997,0.7694,-0.26250985,1.5734694,10.465697,-1
187,188,1566471283636,-0.3312,0.49989998,0.6624,-0.23421039,1.4414818,10.223873,-1
188,189,1566471283646,-0.2902,0.3908,0.4576,-0.24466826,1.3887615,10.161548,-1
189,190,1566471283656,-0.31689999,0.2412,0.33249998,-0.2890089,1.3179121999999999,10.093744000000001,-1
190,191,1566471283666,-0.3452,0.2412,0.33249998,-0.26425284,1.2607291,10.047641,-1
191,192,1566471283677,-0.2959,0.1721,0.2944,-0.17801368,1.2927444,10.13005,-1
192,193,1566471283686,-0.2296,0.1916,0.37399998,-0.10418608,1.2694536,10.145832,-1
193,194,1566471283696,-0.1451,0.1417,0.39479998,-0.080876134,1.1675468999999998,10.150247,-1
194,195,1566471283706,-0.138,0.051,0.3962,-0.1294018,1.0876476000000002,10.093810000000001,-1
195,196,1566471283716,-0.2087,-0.061199997,0.3292,-0.18099207,0.9957005999999999,9.915117,-1
196,197,1566471283727,-0.239,-0.1556,0.1643,-0.21749885,1.0047315,9.707626,-1
197,198,1566471283737,-0.2978,-0.153,-0.0101,-0.17418297,1.0063405,9.580552,-1
198,199,1566471283747,-0.1299,-0.123799995,-0.2419,-0.06163633,1.0878103000000001,9.476825,-1
199,200,1566471283757,-0.081,0.0032,-0.23079999,-0.019843144,1.1994854,9.5115595,-1
200,201,1566471283767,0.103999995,0.18259999,-0.23979999,0.26316106,1.4513459,9.503247,-1
201,202,1566471283778,0.2882,0.2953,-0.20969999,0.36870706,1.5064892,9.531069,-1
202,203,1566471283792,0.2882,0.2953,-0.20969999,0.40580759999999994,1.5748771000000001,9.573186999999999,-1
203,204,1566471283803,0.4102,0.36409998,-0.1497,0.5032515999999999,1.5677233,9.63627,-1
204,205,1566471283813,0.3866,0.3092,-0.0312,0.37989277,1.5172343000000001,9.756536,-1
205,206,1566471283824,0.2537,0.2339,0.0382,0.34758064,1.4071777,9.769817,-1
206,207,1566471283834,0.2487,0.1576,0.0589,0.33496797,1.4045249,9.853462,-1
207,208,1566471283844,0.2355,0.14,0.1383,0.30771238,1.4084035,9.906527,-1
208,209,1566471283855,0.1864,0.1425,0.1589,0.20834343,1.4301716,9.769827000000001,-1
209,210,1566471283865,0.102699995,0.1651,0.042,0.1644625,1.4442879,9.652588,-1
210,211,1566471283876,0.061199997,0.17799999,-0.094299994,0.14883316,1.4778737,9.574316,-1
211,212,1566471283885,0.0583,0.2013,-0.16229999,0.13419022,1.5293298,9.597627000000001,-1
212,213,1566471283895,0.043199997000000004,0.2552,-0.14199999,0.17698897,1.5614983,9.642503999999999,-1
213,214,1566471283905,0.094,0.2811,-0.092599995,0.22154027,1.566938,9.675706,-1
214,215,1566471283915,0.162,0.2694,0.0253,0.24365312,1.5009346000000001,9.938389,-1
215,216,1566471283926,0.1591,0.20979999,0.20189999,0.20442651,1.465644,9.950063,-1
216,217,1566471283936,0.097799994,0.16049999,0.20199999,0.08596142,1.3962313999999998,9.8648,-1
217,218,1566471283946,-0.077599995,0.0145,0.123399995,0.022878991,1.3199809,9.857302,-1
218,219,1566471283956,-0.077599995,0.0145,0.123399995,-0.10724108,1.3103466000000001,9.933304,-1
219,220,1566471283966,-0.1744,0.017099998999999998,0.2015,-0.12397176,1.2436825,9.987978,-1
220,221,1566471283977,-0.0756,-0.0168,0.2792,-0.0069240313,1.2651919,10.012494,-1
221,222,1566471283987,-0.0756,-0.0168,0.2792,0.04792234,1.2651536,10.021841,-1
222,223,1566471283997,-0.0678,0.039699998,0.20109999,0.026020184,1.3239266,9.933639,-1
223,224,1566471284007,-0.0202,0.0545,0.1037,0.07399998599999999,1.3471597,9.831675,-1
224,225,1566471284017,-0.012399998999999998,0.0872,0.0163,0.08288726,1.3804584,9.748126,-1
225,226,1566471284027,0.024699999,0.080299996,-0.0906,0.12575305,1.3826898,9.603957000000001,-1
226,227,1566471284038,0.024699999,0.080299996,-0.0906,0.16518077,1.3765893,9.544398,-1
227,228,1566471284047,0.0499,0.0497,-0.17729999,0.14507905,1.3710347,9.554723,-1
228,229,1566471284057,0.0276,0.0081,-0.078899994,0.1325047,1.3242234,9.650903,-1
229,230,1566471284068,0.015299999,0.0079,-0.0004,0.10577583,1.325861,9.73403,-1
230,231,1566471284078,0.0052,0.0389,-0.0104,0.113255315,1.3578092,9.712442999999999,-1
231,232,1566471284088,0.0052,0.0389,-0.0104,0.12616485,1.4007038,9.693788,-1
232,233,1566471284098,0.107,0.17359999,-0.011399999,0.20383275,1.480402,9.714291000000001,-1
233,234,1566471284108,0.16699999999999998,0.2473,0.095699996,0.28723714,1.5693513000000001,9.842179,-1
234,235,1566471284118,0.2367,0.3111,0.13419999,0.33229604,1.6025733,9.872691,-1
235,236,1566471284128,0.18969999,0.2663,0.123799995,0.26090094,1.5370678999999998,9.838656,-1
236,237,1566471284138,0.18969999,0.2663,0.123799995,0.17340724,1.4489708000000001,9.814752,-1
237,238,1566471284149,-0.0477,0.0674,0.0346,0.014279018999999999,1.318506,9.757349000000001,-1
238,239,1566471284159,-0.1707,-0.0464,0.043899997999999996,-0.13981179999999999,1.2236766000000001,9.783158,-1
239,240,1566471284169,-0.2446,-0.081199996,0.08249999599999999,-0.20211852,1.1984511999999998,9.831195,-1
240,241,1566471284180,-0.2696,-0.0762,0.18969999,-0.24072261,1.1995238000000001,9.98001,-1
241,242,1566471284190,-0.2859,-0.0224,0.3263,-0.22123381,1.2596565,10.0777025,-1
242,243,1566471284202,-0.20619999,0.049799997,0.42389998,-0.09975202400000001,1.333149,10.219132,-1
243,244,1566471284211,-0.06839999599999999,0.100099996,0.48259997,0.04501099,1.3662176000000001,10.173067999999999,-1
244,245,1566471284221,-0.007999999,0.0884,0.3946,0.10986513,1.3666774,10.093677,-1
245,246,1566471284232,0.053099997,0.112799995,0.2873,0.1323036,1.3757563,9.90782,-1
246,247,1566471284241,0.0466,0.085999995,0.1215,0.11785219,1.3599353,9.804917,-1
247,248,1566471284251,0.0116,0.058399998,-0.0244,0.050278235,1.3330053999999998,9.620123,-1
248,249,1566471284262,-0.0315,0.021599998999999998,-0.1706,0.0037924153999999996,1.3139857,9.489225999999999,-1
249,250,1566471284272,-0.0348,-0.0033,-0.28759998,-0.016232686,1.3036333,9.452921,-1
250,251,1566471284282,-0.039499998,-0.0246,-0.1109,-0.02594357,1.2529336000000002,9.727392,-1
251,252,1566471284293,-0.0643,-0.0325,0.0064999997,-0.103094324,1.2941426,9.772853999999999,-1
252,253,1566471284303,-0.12719999,-0.0084,0.035299998,-0.07884585,1.2973891000000002,9.778169,-1
253,254,1566471284313,-0.051999997,0.0077,0.0736,0.00063206925,1.2962973,9.768467999999999,-1
254,255,1566471284323,-0.0055,0.024999999,0.0138,0.032580293999999996,1.3199713,9.744535,-1
255,256,1566471284334,0.0504,0.0431,0.0618,0.085578345,1.3040737,9.842744999999999,-1
256,257,1566471284344,0.0852,0.0223,0.1293,0.08404606,1.2547245,9.875163,-1
257,258,1566471284355,0.0709,0.0009,0.1381,0.045748405,1.2173078000000002,9.888771,-1
258,259,1566471284365,0.0277,-0.0313,0.1274,-0.028720845,1.1875145,9.848338,-1
259,260,1566471284376,0.0045,-0.0449,0.0972,-0.053314082,1.1789528,9.869272,-1
260,261,1566471284385,-0.0095,-0.0499,0.1261,-0.047347732000000003,1.1929636000000001,9.8935795,-1
261,262,1566471284395,-0.0050999997,-0.036199998,0.1452,-0.07920019,1.223169,9.950283,-1
262,263,1566471284405,-0.0312,-0.0039999996999999995,0.20369999,-0.06937439,1.2436441,9.97729,-1
263,264,1566471284415,-0.0088,0.027199998,0.26229998,-0.02624045,1.2345653,9.991348,-1
264,265,1566471284426,0.0335,0.0081,0.2525,0.04672524,1.1885296,9.882699,-1
265,266,1566471284437,0.0875,-0.0415,0.1251,0.059060167999999996,1.1814619,9.704073,-1
266,267,1566471284446,0.1038,-0.0435,-0.0314,0.048745945,1.1819886,9.65932,-1
267,268,1566471284457,0.0657,-0.0672,-0.0995,0.0017525556,1.1681979999999998,9.643767,-1
268,269,1566471284467,0.040799998,-0.0976,-0.13859999,-0.041946415,1.1213101,9.59121,-1
269,270,1566471284477,-0.0039,-0.1759,-0.11889999,-0.09128612,1.0613304,9.618504,-1
270,271,1566471284488,-0.0039,-0.1759,-0.11889999,-0.15118906,1.016329,9.701756,-1
271,272,1566471284498,-0.16579999,-0.20099999,-0.021399999,-0.24976312,1.0285683,9.715527,-1
272,273,1566471284508,-0.2112,-0.1479,-0.0219,-0.30182263,1.0967837999999999,9.697925,-1
273,274,1566471284518,-0.23609999,-0.083799995,-0.0911,-0.32600409999999996,1.1381557,9.648508999999999,-1
274,275,1566471284529,-0.17279999,-0.057499997000000004,-0.111499995,-0.25157315,1.158468,9.632323,-1
275,276,1566471284539,-0.0911,0.0092,-0.033999998,-0.17162596,1.2466129,9.721254,-1
276,277,1566471284549,-0.010199999,0.10669999599999999,0.0334,-0.108648874,1.3262058,9.791835,-1
277,278,1566471284559,0.040599998,0.1653,0.1107,-0.063293114,1.3510193000000001,9.912264,-1
278,279,1566471284570,0.0704,0.16499999,0.2272,-0.0324558,1.3424288,9.987652,-1
279,280,1566471284580,0.099599995,0.22289999,0.3046,-0.010218453,1.4155861,10.063328,-1
280,281,1566471284591,0.109299995,0.2791,0.3136,0.039849095,1.4324318,10.060722,-1
281,282,1566471284601,0.18779999,0.2848,0.3031,0.13087665,1.4189667,10.028621000000001,-1
282,283,1566471284612,0.1884,0.2592,0.2732,0.0871681,1.3996693999999998,9.991291,-1
283,284,1566471284621,0.15079999,0.2322,0.22399999,0.04004063,1.38291,9.944978,-1
284,285,1566471284631,0.1046,0.2236,0.1846,-0.04048116,1.3810713,9.925652000000001,-1
285,286,1566471284641,0.057499997000000004,0.2136,0.16499999,-0.07312849,1.3631531000000001,9.896835000000001,-1
286,287,1566471284651,0.031,0.21239999,0.096599996,-0.049138594,1.3788878,9.822892,-1
287,288,1566471284662,0.1117,0.23959999,0.0576,0.03304956,1.3894031,9.805137,-1
288,289,1566471284672,0.18100000000000002,0.2272,0.077599995,0.10725065,1.4002249,9.865883,-1
289,290,1566471284682,0.1995,0.2444,0.1563,0.08600930000000001,1.4265611,9.912206,-1
290,291,1566471284692,0.1784,0.2619,0.1663,0.076585725,1.4026383,9.910089,-1
291,292,1566471284702,0.107999995,0.2395,0.16659999,-0.036401443,1.3868749,9.897821,-1
292,293,1566471284712,0.0757,0.2263,0.0984,0.0013311761,1.4610664,9.796011,-1
293,294,1566471284722,0.1026,0.3222,0.0103,0.05218402,1.5526206,9.724826,-1
294,295,1566471284733,0.21769999,0.4702,0.02,0.14439909,1.6679541000000002,9.793521,-1
295,296,1566471284744,0.26459998,0.59319997,0.1174,0.14511736,1.8199093000000002,9.962867,-1
296,297,1566471284754,0.2252,0.6908,0.2438,0.06087976,1.8990041000000002,10.0409565,-1
297,298,1566471284764,0.0993,0.8113,0.3306,-0.09294291,2.043997,10.081045,-1
298,299,1566471284775,0.0056,0.9438,0.32889998,-0.19060719,2.1522052000000005,10.066230000000001,-1
299,300,1566471284785,-0.0949,1.0977,0.3173,-0.3078369,2.5078017999999997,10.175281,-1
300,301,1566471284795,-0.1854,1.4389,0.46249998,-0.32789072,2.708225,10.155121000000001,-1
301,302,1566471284806,-0.1998,1.6322,0.4019,-0.48719132,2.8867943,10.188209,-1
302,303,1566471284816,-0.3947,1.8721,0.4396,-0.8361318000000001,3.1863759999999997,10.24342,-1
303,304,1566471284826,-0.8725,2.4215,0.5649,-1.0180337,3.5202332000000003,10.361502,-1
304,305,1566471284836,-0.8725,2.4215,0.5649,-1.0140115,3.7126023999999997,10.478032,-1
305,306,1566471284846,-0.8911,2.6704,0.7213,-0.9037344999999999,3.8706484,10.636422999999999,-1
306,307,1566471284857,-0.7662,2.8444998,0.8979,-0.73428255,3.9558244,10.78767,-1
307,308,1566471284867,-0.529,2.9445,1.0674,-0.58718276,4.0344214,10.834529,-1
308,309,1566471284877,-0.3813,2.9584,1.0799,-0.45142195,4.045645700000001,10.839585000000001,-1
309,310,1566471284888,-0.3813,2.9584,1.0799,-0.30051062,4.0314239999999995,10.895055000000001,-1
310,311,1566471284898,-0.1785,2.7969,1.402,-0.23350170000000003,3.9597987999999997,11.154978999999999,-1
311,312,1566471284908,-0.2719,2.552,1.5452,-0.34595257,3.7281836999999998,11.323424000000001,-1
312,313,1566471284919,-0.4691,2.2688,1.6309999,-0.52423435,3.5385535000000004,11.361349,-1
313,314,1566471284929,-0.78749996,1.8879,1.4438,-0.92514825,3.1315777000000002,11.103655999999999,-1
314,315,1566471284939,-1.0691,1.41,1.1504999,-1.2056338,2.6830192000000004,10.717845,-1
315,316,1566471284949,-1.0853,0.96779996,0.79289997,-1.1350336,2.4354012000000003,10.385788,-1
316,317,1566471284960,-0.88049996,0.7782,0.49069998,-0.9988226,2.3627226,10.076907,-1
317,318,1566471284970,-0.8598,0.6954,0.2613,-0.9633789,2.3810337,9.909055,-1
318,319,1566471284980,-0.6842,0.61079997,0.15439999,-0.78487676,2.3787255000000003,9.785677,-1
319,320,1566471284991,-0.5668,0.44299999999999995,0.14999999,-0.6947207,2.160901,9.817606,-1
320,321,1566471285001,-0.5582,0.0493,0.2483,-0.79057497,1.9028732,9.898971000000001,-1
321,322,1566471285011,-0.7565,-0.3929,0.3673,-1.1289907,1.4243202,9.982787,-1
322,323,1566471285021,-1.0763999,-0.92179996,0.389,-1.4075991,1.0926466000000001,9.8944025,-1
323,324,1566471285032,-1.3737999,-1.3985,0.1563,-1.7345703999999997,0.68410003,9.469114999999999,-1
324,325,1566471285042,-1.5285,-1.7426,-0.21339999,-1.8111656999999999,0.5333324,9.10603,-1
325,326,1566471285053,-1.5234,-1.9519,-0.7111,-1.8179939999999999,0.45124957,8.470657000000001,-1
326,327,1566471285063,-1.324,-2.064,-1.2687,-1.2461437,0.57416785,7.777239,-1
327,328,1566471285073,-0.7083,-1.9489,-1.7692,-0.8098435,0.79368746,7.4197940000000004,-1
328,329,1566471285084,-0.0263,-1.6933,-2.2138,0.15271176,1.0911525,6.9105854,-1
329,330,1566471285093,0.95379996,-1.5026,-2.6225998,1.0328299,1.2207365,6.6968119999999995,-1
330,331,1566471285103,1.9754,-1.4156,-2.7509,1.7426915,1.3037673,6.6539845,-1
331,332,1566471285113,2.8481,-1.3149998999999999,-2.7168,2.5424027000000002,1.4613441,6.85458,-1
332,333,1566471285123,3.3648998999999997,-1.1227,-2.4519,3.0750551,1.7083683,7.284579300000001,-1
333,334,1566471285133,3.8226,-0.9091,-2.0732,3.421525,1.9024136000000003,7.475741999999999,-1
334,335,1566471285144,4.3335,-0.63729995,-1.9326999,4.044707,2.1772392000000003,7.571643400000001,-1
335,336,1566471285154,4.8285,-0.37809998,-1.8435999,4.4859867,2.3821251,7.6435943,-1
336,337,1566471285164,5.4068,-0.0458,-1.7959,5.174004,2.7897046000000003,7.6902814,-1
337,338,1566471285174,5.9698997,0.37579998,-1.75,5.776567,3.1806011,7.764319400000001,-1
338,339,1566471285184,6.6513,0.89419997,-1.6856999,6.875457300000001,3.8110807,8.019139,-1
339,340,1566471285195,7.5392,1.4484,-1.4156,8.069973,4.3242154,8.40789,-1
340,341,1566471285205,8.442699000000001,1.9104999,-1.1050999,8.407958,4.488525,8.553745,-1
341,342,1566471285215,9.0701,2.3892999,-0.7241,8.96642,5.106507,9.300075999999999,-1
342,343,1566471285225,9.0880995,2.7496,-0.2234,8.7020035,5.2005696,9.689373,-1
343,344,1566471285235,8.5633,2.8659,0.29839998,8.0735445,5.072978,10.528692999999999,-1
344,345,1566471285246,7.9617996,2.7682998,0.988,7.369544500000001,4.918878,11.081313,-1
345,346,1566471285256,6.9519997,2.6217,1.6395998999999999,5.878675,4.755574,11.639459,-1
346,347,1566471285266,5.5736,2.5112997999999997,2.0865,4.8824477,4.695499,11.717023,-1
347,348,1566471285276,4.3061,2.4819,2.1529999,3.6403456,4.778338400000001,11.61273,-1
348,349,1566471285287,3.2108998,2.5595999,2.0555,2.980896,4.901716,11.501161999999999,-1
349,350,1566471285297,1.5505999,2.8311,1.7617999,2.128934,5.0617540000000005,11.306992,-1
350,351,1566471285307,0.7884,2.9884,2.066,1.3160448,5.2522655,11.725602,-1
351,352,1566471285317,-0.033999998,3.0788,2.8746998,0.7297431,5.361911,12.3939495,-1
352,353,1566471285328,-0.033999998,3.0788,2.8746998,-0.012325351000000002,5.399346400000001,13.513726,-1
353,354,1566471285338,-0.8048,3.0825,3.7719,-0.43951797,5.3091617,14.332592000000002,-1
354,355,1566471285348,-2.3594,2.6401,6.0884,-1.2946023000000002,5.01772,15.72344,-1
355,356,1566471285358,-3.2612997999999997,2.1378999,7.1278,-1.9093088,4.680655000000001,16.516706,-1
356,357,1566471285368,-4.4014997000000005,1.4609,7.9919996,-3.1031346,4.036700700000001,17.445131,-1
357,358,1566471285379,-5.7823,0.8362,8.5722,-4.723999500000001,3.5031576,17.942492,-1
358,359,1566471285389,-7.3075,0.3075,8.7388,-5.832706,3.2394795,17.849970000000003,-1
359,360,1566471285400,-8.547,-0.1962,8.2723,-6.9254966,2.8596152999999997,17.063982,-1
360,361,1566471285410,-9.0086,-0.7744,7.4241,-7.077212299999999,2.516009,16.196104000000002,-1
361,362,1566471285421,-8.8907995,-1.3786,6.4458,-6.748058,2.0266726000000004,14.948266,-1
362,363,1566471285430,-8.3439,-1.9433,5.4719996,-6.254881,1.7530345,14.149147,-1
363,364,1566471285440,-7.5072,-2.3862,4.5594997,-5.1439614,1.5003408,12.836158,-1
364,365,1566471285451,-6.4946,-2.5674,3.4427998,-4.214858,1.4511926000000002,11.736788,-1
365,366,1566471285461,-5.8981,-2.8585,2.9276,-3.9446676,1.2612847,11.560203,-1
366,367,1566471285471,-5.6626,-3.3205,3.0661,-3.7804637000000003,0.68554616,11.959238000000001,-1
367,368,1566471285482,-5.4771,-4.027199700000001,3.6253,-3.6241128,0.14594096,12.483358,-1
368,369,1566471285492,-5.3071,-4.7599,4.3522997000000005,-3.4754329,-0.6088741999999999,13.283472,-1
369,370,1566471285503,-5.1661,-5.4754996,5.0235,-3.3759391000000005,-1.1055945,13.733351999999998,-1
370,371,1566471285513,-5.0102,-6.1988997,5.5429,-3.2546107999999996,-1.7768999,14.092348000000001,-1
371,372,1566471285523,-4.8943996,-6.8545,5.8139,-3.2097623,-2.2993052000000005,14.079678,-1
372,373,1566471285533,-4.8452,-7.3943996,5.7489,-3.2386174,-2.5542397,13.716257,-1
373,374,1566471285543,-4.7906,-7.8069997,5.22,-3.1336365,-2.7666917,12.724425,-1
374,375,1566471285553,-4.5544,-8.107699,4.3921,-2.9064362,-2.8404715,11.904077000000001,-1
375,376,1566471285564,-4.1784,-8.3306,3.5082998,-2.5492310000000002,-2.8989568,10.604053500000001,-1
376,377,1566471285574,-3.7839,-8.5099,2.4778,-2.3511157000000003,-2.9004316,9.754035,-1
377,378,1566471285584,-3.4213,-8.6413,1.4548,-2.0326772,-2.8809907000000003,8.505383,-1
378,379,1566471285594,-3.0432,-8.78,0.55399996,-1.8283465,-2.8995316000000004,7.757453,-1
379,380,1566471285604,-2.6331,-8.9145,-0.2845,-1.4927943000000001,-2.9251110000000002,6.822747,-1
380,381,1566471285614,-2.2825,-9.0248995,-0.9343,-1.2655941000000002,-2.8828007999999996,6.3197923,-1
381,382,1566471285624,-1.8687999,-9.0324,-1.4937999,-0.9113289000000001,-2.7531116,5.758333,-1
382,383,1566471285634,-1.4584,-8.9676,-1.8249999,-0.64812,-2.6411493,5.555745,-1
383,384,1566471285644,-1.0483999,-8.9303,-1.9566,-0.10648451,-2.6147362999999997,5.6510916,-1
384,385,1566471285655,-0.5061,-8.9914,-1.7497,0.3935493,-2.571861,5.78986,-1
385,386,1566471285665,0.21689999,-8.8892,-1.5853,1.2727194,-2.2443821,5.865277,-1
386,387,1566471285675,0.9382,-8.6357,-1.4912,1.9226014999999999,-1.9770743999999998,5.890311,-1
387,388,1566471285686,1.7958,-8.3677,-1.4496,2.9625852000000004,-1.5914451,5.8650475,-1
388,389,1566471285696,2.6503,-8.0404,-1.4548,3.8874652000000003,-1.1844212,5.6663666,-1
389,390,1566471285706,3.3335998,-7.7455997000000005,-1.6029999,4.48411,-0.8765651,5.3855267,-1
390,391,1566471285717,4.4239999999999995,-6.9368,-2.1636,5.0529150000000005,-0.3383869,5.070086,-1
391,392,1566471285727,5.0506,-6.6158,-2.4715,5.9099526,0.058954824,4.6471453,-1
392,393,1566471285737,5.7453,-6.2142,-2.79,6.4521055,0.39057090000000005,4.4375954,-1
393,394,1566471285747,5.7453,-6.2142,-2.79,7.253597999999999,1.0169708,4.189192299999999,-1
394,395,1566471285757,7.026799700000001,-5.0910997,-3.1719999999999997,7.8418727,1.4612291000000002,4.105338,-1
395,396,1566471285768,7.643399700000001,-4.4103,-3.2224,8.609933,2.2123953999999997,4.082219,-1
396,397,1566471285777,8.2928,-3.7512,-3.2470999,9.253436,2.708503,4.095732,-1
397,398,1566471285787,8.2928,-3.7512,-3.2470999,9.993953,3.2437315,4.121925,-1
398,399,1566471285797,9.934999000000001,-2.0691,-3.225,11.123337,4.2738895,4.1800175,-1
399,400,1566471285807,10.710899000000001,-1.1502,-3.1729998999999998,12.177944,5.269044,4.284721,-1
400,401,1566471285818,11.3696995,-0.4306,-3.0374,12.811728,5.804043,4.407036,-1
401,402,1566471285828,11.8588,0.12329999,-3.023,13.481894,6.379427400000001,4.4194665,-1
402,403,1566471285839,11.9528,0.4675,-3.3328998,13.574845000000002,6.718379,3.9762614000000003,-1
403,404,1566471285849,11.7697,0.6638,-3.8551998,13.365095000000002,6.7788663,3.5097177000000004,-1
404,405,1566471285860,11.2827,0.61939996,-4.3993,12.716878999999999,6.596638700000001,2.9650272999999996,-1
405,406,1566471285870,10.5468,0.3709,-4.8128,11.965798,6.262734,2.7304435000000002,-1
406,407,1566471285881,9.438399,-0.242,-4.8338,10.398679,5.318288,2.9289419999999997,-1
407,408,1566471285891,7.8044996,-0.9977,-4.7776,8.162255,4.276944,3.1225945999999998,-1
408,409,1566471285902,6.094599700000001,-1.8132,-4.4375,6.763160000000001,3.4295312999999994,3.9236273999999995,-1
409,410,1566471285912,4.3287,-2.753,-3.1531,4.562955400000001,2.2703257000000003,5.9398227,-1
410,411,1566471285923,2.5435,-3.4261,-1.3411,2.5041625,1.5225878000000002,8.461530999999999,-1
411,412,1566471285932,0.997,-3.6822,0.56439996,1.3561716000000001,1.3962697,10.108922999999999,-1
412,413,1566471285942,-0.36859998,-3.4627,2.6315,0.2517551,1.7087897,12.703241,-1
413,414,1566471285952,-1.1444,-2.8772,4.6222997,-0.21455878,2.0972824,14.154357000000001,-1
414,415,1566471285962,-1.6642,-2.1815999,5.9529,-0.7483892,2.7792852000000003,15.192751999999999,-1
415,416,1566471285973,-2.1942,-1.3641,6.495899700000001,-1.251047,3.2941629999999997,15.252789499999999,-1
416,417,1566471285983,-3.0058,-0.5333,6.3953,-2.404966,3.7957672999999996,15.223589000000002,-1
417,418,1566471285993,-4.0744,-0.07719999599999999,6.3237,-3.3351805,3.8065796,15.307260999999999,-1
418,419,1566471286004,-5.4210997,0.028199999,6.4252996,-4.469045599999999,3.6566547999999996,15.505472,-1
419,420,1566471286014,-6.7331,0.011399999,6.5908,-5.8060637,3.50061,15.633495000000002,-1
420,421,1566471286025,-7.7521,0.1087,6.5344,-6.622333,3.513357,15.508632999999998,-1
421,422,1566471286034,-8.3224,0.3206,6.3341,-6.853680000000001,3.6612709000000003,15.289257000000001,-1
422,423,1566471286044,-8.6244,0.7062,5.9412,-6.909809599999999,4.0139556,14.8126,-1
423,424,1566471286054,-8.5809,1.1970999,5.5127,-6.658734299999999,4.3453903,14.515556,-1
424,425,1566471286065,-8.0672,1.8421999,5.107599700000001,-5.7778215,5.103346299999999,14.359014000000002,-1
425,426,1566471286075,-7.4125,2.6797,5.0901,-5.399471,5.609634,14.618181,-1
426,427,1566471286086,-7.0325,3.3525,5.4028,-4.697471599999999,6.136176,14.964345000000002,-1
427,428,1566471286096,-6.4202,3.8841998999999996,5.6238,-3.7984872000000003,6.5438895,14.919707,-1
428,429,1566471286106,-5.6728997,4.3392,5.5357,-3.1565057999999997,6.834316,14.710826999999998,-1
429,430,1566471286116,-4.9006,4.8026,5.2251997,-2.2954838,7.3102255000000005,13.917351000000002,-1
430,431,1566471286126,-4.1976,5.2748,4.5044,-1.8908734,7.377905,13.436097,-1
431,432,1566471286137,-3.6819,5.3761,3.9115,-1.2747208,7.201232000000001,12.830239,-1
432,433,1566471286147,-2.9492,5.0007997,2.8416,-1.1752178999999998,6.8523393,12.231325,-1
433,434,1566471286158,-3.0223,4.6461,2.5121,-1.2923996000000002,6.5573545,11.983659,-1
434,435,1566471286168,-2.9680998,4.1556,2.2124,-1.3325360000000002,5.939248,11.618984,-1
435,436,1566471286178,-2.9359999,3.6273,1.9236,-1.3516513,5.518472,11.420821,-1
436,437,1566471286188,-2.7502,3.0709,1.6558,-1.2193764,4.834257,11.071363,-1
437,438,1566471286198,-2.4879,2.4673,1.2224,-1.0823516000000002,4.3783917,10.748615,-1
438,439,1566471286208,-2.2092,1.9267,0.7609999999999999,-0.89460784,3.786861,10.237511,-1
439,440,1566471286218,-1.9754,1.5496999,0.5165,-0.77659285,3.5117576,10.060847,-1
440,441,1566471286228,-1.6814,1.3188,0.2733,-0.5623884,3.3038258999999996,9.784939999999999,-1
441,442,1566471286238,-1.3584,1.2444998999999999,0.060999997,-0.38151127,3.2476964,9.624336999999999,-1
442,443,1566471286249,-0.88159996,1.0428,-0.012399998999999998,0.13685256,3.0308678,9.535042,-1
443,444,1566471286258,-0.348,0.8214,-0.163,0.44621217,2.8851376,9.39751,-1
444,445,1566471286268,0.089499995,0.5809,-0.39119998,0.80301523,2.627253,9.111642999999999,-1
445,446,1566471286279,0.36609998,0.3721,-0.7170000000000001,1.0094242,2.4182491,8.779183,-1
446,447,1566471286288,0.5891,0.2572,-0.8567,1.042196,2.3902562,8.731031,-1
447,448,1566471286298,0.6566,0.327,-0.8498,1.0022991,2.4626758,8.733799000000001,-1
448,449,1566471286309,0.8147,0.4653,-0.8926,1.2102498,2.9359138,8.631011,-1
449,450,1566471286318,1.1126,0.593,-0.8772,1.2069937,2.7142012,8.714319,-1
450,451,1566471286329,1.5913999,0.8922,-0.7240000000000001,1.6221675,3.0800447,8.935236999999999,-1
451,452,1566471286339,2.0769,1.3615,-0.2564,2.1860116,3.6592309999999997,9.59168,-1
452,453,1566471286349,2.8163,1.8678,0.3691,2.769172,4.0296235000000005,10.066056,-1
453,454,1566471286359,3.6934998,2.3667,0.83959997,3.6962928999999995,4.602278,10.548221,-1
454,455,1566471286369,4.3919,2.8444998,1.0476999,4.215883,5.021962,10.6765785,-1
455,456,1566471286379,4.9972,3.3300998,1.0819,4.850155,5.594894999999999,10.594592,-1
456,457,1566471286389,5.486799700000001,3.6773998999999997,0.805,5.164236,5.8435087,10.286946,-1
457,458,1566471286399,5.8957,3.8713,0.3046,5.55811,6.0936265,9.712702,-1
458,459,1566471286409,6.1435,4.074,-0.037699997,5.6164236,6.291885400000001,9.481106,-1
459,460,1566471286420,6.1833,4.2497,-0.27249998,5.5962167,6.451119,9.2748785,-1
460,461,1566471286430,6.3644,4.4188,-0.5471,5.779804,6.692367999999999,8.943885,-1
461,462,1566471286441,6.6717,4.6393,-0.6168,6.095111,6.960644,8.932872,-1
462,463,1566471286450,7.0003996,4.7517,-0.4718,6.3857474000000005,7.0425825,9.127971,-1
463,464,1566471286460,7.3919997,4.7049,-0.0821,6.8360395,6.973122,9.56611,-1
464,465,1566471286471,7.6787996,4.5467997,0.21959999,7.013814,6.737178299999999,9.801028,-1
465,466,1566471286481,7.7430997,4.2476,0.3364,6.9695787,6.4776754,9.837268,-1
466,467,1566471286492,7.6285,3.7586,0.32729998,6.7000875,5.80411,9.850196,-1
467,468,1566471286503,7.2079997,3.1001,0.4276,6.215022,5.3264569999999996,9.93089,-1
468,469,1566471286512,6.6099997,2.4398,0.4509,5.499127,4.5613660000000005,9.81005,-1
469,470,1566471286522,6.1486998,1.7579999,0.24049999,5.175536,4.019309,9.568494,-1
470,471,1566471286532,5.7581997000000005,1.0847,0.040799998,4.5230875,3.2961739999999997,9.450211,-1
471,472,1566471286542,5.2149997,0.4513,0.056599997,4.111984,2.8208678,9.562355,-1
472,473,1566471286552,4.7202,-0.2105,0.1695,3.5268984,2.16545,9.560163000000001,-1
473,474,1566471286562,4.3431,-0.6964,0.10529999400000001,3.3273466,1.8926740000000002,9.403858999999999,-1
474,475,1566471286572,4.2713,-0.9974,-0.1551,3.3787644,1.7141813999999997,9.077999,-1
475,476,1566471286582,4.3652997000000004,-1.1135,-0.34739998,3.4402763999999997,1.7010325000000002,8.994125,-1
476,477,1566471286592,4.378,-1.2099999,-0.36409998,3.441617,1.4969985000000001,9.018077,-1
477,478,1566471286603,4.3111,-1.4915999,-0.30359998,3.3954760000000004,1.3148956,9.076696,-1
478,479,1566471286613,4.2075,-1.8192999,-0.1267,3.1967478,0.93642974,9.317007,-1
479,480,1566471286623,3.8751998,-2.1626,0.0587,2.5869157000000005,0.56690866,9.466626,-1
480,481,1566471286633,3.2696,-2.5101,0.1644,2.0818543000000003,0.31011614,9.505211,-1
481,482,1566471286643,2.5630999,-2.8997,0.21959999,1.3068223,-0.13564589999999999,9.534094999999999,-1
482,483,1566471286654,1.9348999,-3.2408997999999998,0.22369999,0.78484803,-0.3836756,9.494628,-1
483,484,1566471286663,1.1702,-3.5711,0.1761,-0.16943286,-0.81275487,9.492301,-1
484,485,1566471286673,0.375,-3.9678,0.20369999,-0.9183870000000001,-1.1844116000000002,9.559128,-1
485,486,1566471286684,-0.48279998,-4.3739,0.32639998,-2.0359716,-1.686332,9.616953,-1
486,487,1566471286694,-1.4523,-4.7623,0.29029998,-2.8384123,-2.0140982,9.606313,-1
487,488,1566471286704,-2.4693,-5.1556,0.2821,-3.9810212,-2.437192,9.665967,-1
488,489,1566471286714,-3.343,-5.4294996,0.3419,-4.5400767,-2.6026697,9.660508,-1
489,490,1566471286724,-3.9875,-5.5776997,0.33319998,-5.1174626,-2.689464,9.684,-1
490,491,1566471286735,-4.4349,-5.5832996,0.3645,-5.4658475,-2.6710863,9.805894,-1
491,492,1566471286746,-4.8361,-5.5167,0.5144,-5.823311299999999,-2.5480533,10.005675,-1
492,493,1566471286756,-5.095,-5.3889,0.695,-5.7971096,-2.2703066,10.374162,-1
493,494,1566471286766,-5.1129,-5.1415997,1.0144,-5.830063,-2.0541964,10.582036,-1
494,495,1566471286777,-5.2022,-4.8838,1.2674,-5.5720544,-1.6962631999999997,10.659311,-1
495,496,1566471286787,-5.0139,-4.587,1.298,-5.2280746,-1.4239371,10.612213,-1
496,497,1566471286797,-4.2023997,-3.7760000000000002,0.87869996,-4.624458,-0.83007926,10.228173,-1
497,498,1566471286807,-3.6548998,-3.1791,0.4182,-3.8671910000000005,-0.07559931,9.692217,-1
498,499,1566471286817,-2.9931,-2.5446,0.0862,-3.2608162999999997,0.51647717,9.415888,-1
499,500,1566471286827,-2.3652,-1.869,-0.1278,-2.3984444,1.3976680000000001,9.144404,-1
500,501,1566471286837,-2.3652,-1.869,-0.1278,-2.1291062999999997,1.6478523999999997,9.093561,-1
501,502,1566471286848,-1.0067999,-0.6566,-0.24599999,-0.92742753,2.596483,9.057199,-1
502,503,1566471286858,-0.5793,-0.2514,-0.2697,-0.53843683,2.9247758,9.025106,-1
503,504,1566471286868,-0.3442,-0.0103,-0.2972,-0.23593421,3.1832540000000003,9.014859,-1
504,505,1566471286878,-0.36969998,0.047399998,-0.2408,-0.22605094,3.2176251000000002,9.052419,-1
505,506,1566471286888,-0.37199998,0.0387,-0.051099997,-0.20375614,3.1773548,9.298256,-1
506,507,1566471286898,-0.4211,0.020399999,0.13509999,-0.22850262,3.132133,9.451264,-1
507,508,1566471286908,-0.3716,0.0871,0.3092,-0.12392388,3.1881573,9.674719999999999,-1
508,509,1566471286919,-0.17719999,0.2943,0.46269998,0.048420332,3.3335428,9.789010000000001,-1
509,510,1566471286929,-0.0264,0.4721,0.5182,0.22533269,3.4681830000000002,9.886817,-1
510,511,1566471286939,0.0482,0.5094,0.6337,0.25048139999999997,3.4330745000000005,10.034434,-1
511,512,1566471286949,0.0267,0.4326,0.6924,0.20564277,3.3300953,10.067484,-1
512,513,1566471286960,-0.131,0.3179,0.73429996,0.029822176000000002,3.160672,10.103100999999999,-1
513,514,1566471286970,-0.2314,0.14379999,0.7107,-0.10519164,3.0158896,10.066823,-1
514,515,1566471286979,-0.3927,0.0276,0.6317,-0.26761428,2.8955379,9.977127000000001,-1
515,516,1566471286989,-0.4294,-0.009099999000000001,0.5555,-0.26000074,2.9049041,9.929798,-1
516,517,1566471286999,-0.3617,0.0256,0.4912,-0.1483543,2.9900227000000004,9.808641999999999,-1
517,518,1566471287009,-0.23779999,0.1442,0.3304,-0.054865524000000006,3.0881274,9.66478,-1
518,519,1566471287019,-0.1734,0.20189999,0.0919,0.028692112999999998,3.1568794,9.457335,-1
519,520,1566471287029,-0.040599998,0.2207,-0.0976,0.18646044,3.1889427,9.234244,-1
520,521,1566471287040,0.081199996,0.2126,-0.16049999,0.31535468,3.2354857999999997,9.178172,-1
521,522,1566471287050,0.13419999,0.2672,-0.1853,0.32766086,3.3006177000000005,9.154689999999999,-1
522,523,1566471287060,0.1277,0.3265,-0.1135,0.32074640000000004,3.3346730000000004,9.272715,-1
523,524,1566471287071,0.110999994,0.2923,0.044999998,0.33297598,3.3197042999999997,9.407843,-1
524,525,1566471287081,0.096,0.25239998,0.1533,0.28592515,3.2485485,9.568552,-1
525,526,1566471287091,0.0348,0.1864,0.32899999999999996,0.2600965,3.1816162999999995,9.690713,-1
526,527,1566471287101,0.035,0.1222,0.3962,0.28224766,3.1172793,9.730917,-1
527,528,1566471287111,0.0681,0.0879,0.3161,0.32677025,3.0995812000000003,9.605911,-1
528,529,1566471287121,0.1235,0.1024,0.2163,0.3911551,3.1316156000000004,9.554062,-1
529,530,1566471287131,0.23799999,0.1952,0.17549999,0.5273852,3.2587479999999998,9.514097,-1
530,531,1566471287141,0.3621,0.31739998,0.16409999,0.60325265,3.3494883,9.483375,-1
531,532,1566471287151,0.44619998,0.3998,0.0941,0.65078235,3.3980137999999998,9.407852,-1
532,533,1566471287161,0.4705,0.3536,0.044099998,0.65908545,3.3128664,9.396236,-1
533,534,1566471287171,0.42479998,0.2861,0.0436,0.56079865,3.2377173999999997,9.407565,-1
534,535,1566471287181,0.30949998,0.217,0.073199995,0.44791684,3.1741943,9.442884,-1
535,536,1566471287191,0.1642,0.1264,0.1327,0.30515537,3.0626627999999996,9.598087,-1
536,537,1566471287201,0.075899996,0.0433,0.3107,0.2288761,3.0228042999999998,9.6988535,-1
537,538,1566471287211,-0.0034999999,-0.0032,0.3621,0.1718558,2.9877627,9.708680000000001,-1
538,539,1566471287222,0.0066,-0.0425,0.3064,0.21217415,2.9907793999999996,9.598258999999999,-1
539,540,1566471287232,0.048699997,-0.0149,0.17279999,0.28810865,3.0636970000000003,9.382589,-1
540,541,1566471287242,0.1419,0.0515,-0.058599997,0.34954387,3.102531,9.153607000000001,-1
541,542,1566471287252,0.1875,0.059899997,-0.2022,0.39035064,3.125726,9.112906,-1
542,543,1566471287262,0.2323,0.0699,-0.2482,0.4365013,3.1897759999999997,9.028955999999999,-1
543,544,1566471287272,0.2859,0.1301,-0.30429998,0.47142790000000007,3.2357445,8.960405,-1
544,545,1566471287282,0.3004,0.1717,-0.3902,0.46235865,3.2550607000000005,8.90961,-1
545,546,1566471287293,0.2647,0.18509999,-0.3981,0.44137588,3.2912227999999994,8.920967999999998,-1
546,547,1566471287303,0.2762,0.19029999,-0.377,0.4056065,3.2405043,8.957484,-1
547,548,1566471287313,0.2286,0.1383,-0.33679998,0.32289162,3.1980214,8.998119,-1
548,549,1566471287324,0.1525,0.0977,-0.3069,0.24898739,3.1335409,9.010271000000001,-1
549,550,1566471287334,0.0977,0.0394,-0.30719998,0.21659863,3.105155,9.045782,-1
550,551,1566471287345,0.06359999599999999,0.0122,-0.2295,0.19849847,3.134805,9.135736999999999,-1
551,552,1566471287355,0.0591,0.0652,-0.1721,0.19681296,3.1744623,9.214238,-1
552,553,1566471287365,0.064899996,0.0997,-0.1052,0.22861753,3.1970541,9.262803,-1
553,554,1566471287375,0.110199995,0.1445,-0.0482,0.29276296,3.227154,9.295297,-1
554,555,1566471287385,0.1742,0.1595,-0.030399999,0.34215057,3.2282743,9.26944,-1
555,556,1566471287396,0.2376,0.17359999,-0.0515,0.40579805,3.2445168,9.2863035,-1
556,557,1566471287406,0.3006,0.1865,-0.0427,0.35087505,3.2306880000000002,9.278058999999999,-1
557,558,1566471287417,0.16929999,0.092,0.005,0.27348486,3.1487583999999997,9.329573,-1
558,559,1566471287427,0.16929999,0.092,0.005,0.18188272,3.0656027999999997,9.391936,-1
559,560,1566471287437,-0.0139,-0.0332,0.10229999599999999,0.08629661,3.020477,9.436564,-1
560,561,1566471287447,-0.0919,-0.0806,0.141,0.016903065,2.969653,9.494848,-1
561,562,1566471287457,-0.0725,-0.0686,0.1501,0.029908367,2.983654,9.488422,-1
562,563,1566471287468,-0.023799999,-0.0359,0.1294,0.09883265,3.0196917,9.477782000000001,-1
563,564,1566471287478,0.11199999599999999,0.017199999,0.18689999,0.21875341,3.05775,9.527496000000001,-1
564,565,1566471287488,0.2374,0.12979999,0.2737,0.35982937,3.1835797,9.6164255,-1
565,566,1566471287499,0.3055,0.19309999,0.2624,0.40627688,3.2192342000000003,9.596573,-1
566,567,1566471287509,0.2679,0.1872,0.2611,0.35991555,3.2113717,9.60549,-1
567,568,1566471287519,0.2026,0.1609,0.2601,0.29690972,3.1796243,9.598968,-1
568,569,1566471287529,0.1003,0.0945,0.1514,0.17373285,3.109886,9.482503999999999,-1
569,570,1566471287539,0.0581,0.0471,0.0626,0.14644854,3.070918,9.375751,-1
570,571,1566471287550,0.015099999499999999,0.0286,-0.0162,0.09613199,3.051889,9.312946,-1
571,572,1566471287559,0.028299998,0.009699999,-0.0557,0.11874283,3.0431356,9.289761,-1
572,573,1566471287569,0.08779999599999999,0.0392,-0.0557,0.16961482,3.0701612999999996,9.269985,-1
573,574,1566471287580,0.105,0.08779999599999999,-0.0359,0.19135417,3.1284459,9.344904,-1
574,575,1566471287590,0.1389,0.1451,0.042999998,0.2584397,3.1680841,9.386823,-1
575,576,1566471287600,0.2499,0.1714,0.014599998999999999,0.38374263,3.2417588,9.346781,-1
576,577,1566471287610,0.3125,0.23539999,-0.0818,0.43161708,3.2592652,9.240307000000001,-1
577,578,1566471287620,0.3367,0.2597,-0.1585,0.4365013,3.2957528,9.162591,-1
578,579,1566471287630,0.30269998,0.2358,-0.1865,0.40442857,3.279501,9.142211,-1
579,580,1566471287640,0.2791,0.20459999,-0.1663,0.37581304,3.2579147999999996,9.217992,-1
580,581,1566471287650,0.2066,0.19559999,-0.0782,0.29537743,3.2168014,9.291542,-1
581,582,1566471287661,0.1643,0.1794,-0.0106999995,0.27931714,3.2170312,9.359538,-1
582,583,1566471287671,0.15179999,0.1848,0.066,0.29276296,3.225861,9.431689,-1
583,584,1566471287681,0.1882,0.19119999,0.1326,0.34435323,3.2134400000000003,9.492942999999999,-1
584,585,1566471287692,0.2355,0.1979,0.14029999,0.40067443,3.2076843,9.49775,-1
585,586,1566471287701,0.29279998,0.1944,0.14800000000000002,0.42113048,3.2014213,9.507481,-1
586,587,1566471287711,0.281,0.1902,0.16589999,0.40429446,3.1783507,9.543605,-1
587,588,1566471287721,0.2782,0.1757,0.2329,0.37841794,3.152857,9.608669,-1
588,589,1566471287731,0.2166,0.1603,0.2512,0.32972947,3.1686015,9.573704,-1
589,590,1566471287741,0.2051,0.1831,0.2208,0.32947087,3.1623669,9.571252000000001,-1
590,591,1566471287751,0.1548,0.16589999,0.2102,0.2809835,3.1345654,9.56746,-1
591,592,1566471287761,0.14389999,0.108899996,0.20969999,0.27898195,3.0966318,9.547281,-1
592,593,1566471287771,0.1336,0.09999999400000001,0.1506,0.26768133,3.0776407999999997,9.449186,-1
593,594,1566471287781,0.1427,0.0901,0.062299997,0.3002999,3.0698645,9.404587,-1
594,595,1566471287791,0.1812,0.079399996,0.013599999,0.34911293,3.099208,9.3537245,-1
595,596,1566471287801,0.2279,0.1259,-0.024699999,0.37352420000000003,3.1073866000000003,9.301817999999999,-1
596,597,1566471287811,0.2541,0.1318,-0.092,0.40937018,3.1118395,9.199873,-1
597,598,1566471287822,0.2707,0.117199995,-0.1885,0.410347,3.097082,9.109324,-1
598,599,1566471287832,0.2783,0.0925,-0.30449998,0.4311478,3.1192617,8.969283,-1
599,600,1566471287842,0.30609998,0.1274,-0.4208,0.49544653,3.1468046000000003,8.857675,-1
600,601,1566471287852,0.3935,0.1639,-0.5474,0.59945065,3.2117546000000003,8.738653999999999,-1
601,602,1566471287863,0.4613,0.2225,-0.66499996,0.6900568,3.276216,8.640158,-1
602,603,1566471287873,0.5478,0.2741,-0.72459996,0.7783262,3.3216007000000003,8.6201315,-1
603,604,1566471287883,0.7018,0.3189,-0.7068,0.9942162,3.4011455,8.661197999999999,-1
604,605,1566471287894,0.83489996,0.435,-0.6799,1.084267,3.5029373,8.671827,-1
605,606,1566471287904,0.96819997,0.5926,-0.6832,1.2589574,3.7037343999999996,8.659732,-1
606,607,1566471287915,1.1215,0.7716,-0.6968,1.4257662,3.8486218,8.678991,-1
607,608,1566471287925,1.3245,0.9716,-0.7011,1.628785,4.1189275,8.641038,-1
608,609,1566471287935,1.469,1.2017,-0.7448,1.7252904999999998,4.265146,8.577534,-1
609,610,1566471287946,1.6219999999999999,1.4518,-0.8082,2.0171533,4.5465317,8.533462,-1
610,611,1566471287955,1.8687999,1.6621,-0.82229996,2.3596103,4.851505,8.623656,-1
611,612,1566471287965,2.1583,1.9490999,-0.7572,2.6414077000000002,5.119119,8.63896,-1
612,613,1566471287975,2.5212998,2.2921,-0.7597,3.1066394,5.4832873,8.57967,-1
613,614,1566471287985,2.8639997999999998,2.5925999,-0.80039996,3.3130772000000004,5.706732700000001,8.419,-1
614,615,1566471287995,3.0632,2.8511,-1.0167999,3.373909,5.878051999999999,8.235833999999999,-1
615,616,1566471288005,3.0916,3.069,-1.2329,3.2574549999999998,6.031569,7.9626455,-1
616,617,1566471288017,2.6236,3.3084,-1.5573,2.9202173,6.187747,7.82609,-1
617,618,1566471288027,2.3209,3.5565,-1.4398999,2.5898654,6.495085700000001,7.988752000000001,-1
618,619,1566471288037,2.2475,3.9513998,-1.0864999,2.5951903,6.8206880000000005,8.301147,-1
619,620,1566471288048,2.3414,4.482,-0.4278,2.743621,7.446225999999999,9.077061,-1
620,621,1566471288058,2.3186,5.0481997000000005,0.3999,2.7808845,7.922594999999999,9.7684765,-1
621,622,1566471288069,2.1829998,5.5007,1.2112,2.698112,8.491227,10.774386,-1
622,623,1566471288079,1.8524,5.7976,2.0363998,2.3677027,8.760278999999999,11.712338,-1
623,624,1566471288090,1.3927,5.8694,2.7969999999999997,2.0599901999999997,8.785619,12.27805,-1
624,625,1566471288099,0.8359,5.7736998,3.5718,1.4739951,8.669787,13.212805,-1
625,626,1566471288109,0.2741,5.5393996,4.3508997,1.1290576,8.500422,13.784147,-1
626,627,1566471288119,-0.389,5.1472,5.1242,0.6309583000000001,8.224753,14.399303,-1
627,628,1566471288129,-1.1159999,4.5445,5.8192,-0.21516213,7.541017,15.211282999999998,-1
628,629,1566471288139,-1.9397999,3.7361998999999995,6.4744997,-1.0764618000000001,6.6728125,15.848946,-1
629,630,1566471288149,-2.7324,2.8834,6.9824,-1.7228866999999999,6.0118599999999995,16.231070000000003,-1
630,631,1566471288159,-3.4984998999999997,1.9928999,7.2668,-2.5179148,5.080266,16.457829,-1
631,632,1566471288170,-4.0681,1.1338,7.3076,-2.93509,4.5082917,16.35891,-1
632,633,1566471288180,-4.5207,0.3464,7.2026997,-3.4807193,3.6825407,16.148575,-1
633,634,1566471288190,-4.8971,-0.4565,7.0014997,-3.7900405,3.1112458999999997,15.934810999999998,-1
634,635,1566471288200,-5.1686,-1.2938,6.6941,-4.1060076,2.3257465,15.496691,-1
635,636,1566471288210,-5.345,-2.0568,6.3002996,-4.311143,1.534262,14.919726,-1
636,637,1566471288220,-5.4877,-2.8429,5.8501,-4.586342299999999,1.0158215,14.455491,-1
637,638,1566471288230,-5.6671,-3.5923,5.275,-4.781087,0.52747136,13.955304,-1
638,639,1566471288240,-5.825999700000001,-4.3528,4.6733,-5.1064873,-0.25853547,13.166395000000001,-1
639,640,1566471288250,-5.9484,-5.1526,4.0745,-5.2560005,-0.7875486999999999,12.640572,-1
640,641,1566471288260,-5.9895,-5.8926997000000005,3.3806,-5.414621,-1.4757955,11.781896000000001,-1
641,642,1566471288270,-5.9922,-6.513099700000001,2.8463,-5.499222799999999,-2.0231962,11.081189,-1
642,643,1566471288280,-5.9122,-7.072,2.3634999,-5.4669776,-2.3758814,10.667835,-1
643,644,1566471288290,-5.7423,-7.6186,1.9224999,-5.3901334,-2.6846852,10.264968,-1
644,645,1566471288301,-5.5415,-8.0156,1.4541998999999999,-5.206469,-2.9791912999999997,9.594151,-1
645,646,1566471288310,-5.2155,-8.2824,1.0268999,-4.9745764999999995,-3.056438,9.244377,-1
646,647,1566471288321,-4.7165,-8.517000000000001,0.6893,-4.400351000000001,-3.2225666,8.742475500000001,-1
647,648,1566471288330,-4.0615997,-8.7782,0.35259998,-3.800824,-3.3227305,8.370838000000001,-1
648,649,1566471288340,-3.3270998,-8.899099,-0.061899997000000005,-3.0966508,-3.3054254000000003,7.836557000000001,-1
649,650,1566471288350,-2.8465,-8.9868,-0.31,-2.5602252,-3.3301910000000006,7.563331,-1
650,651,1566471288360,-2.3844,-9.158299000000001,-0.3924,-2.194985,-3.4407360000000002,7.4393687,-1
651,652,1566471288370,-1.8792,-9.4232,-0.5057,-1.6929686999999998,-3.6138177000000002,7.1677227,-1
652,653,1566471288380,-1.5529,-9.6723995,-0.6902,-1.4817426,-3.7516565,6.950089999999999,-1
653,654,1566471288390,-1.2284,-9.914,-0.9377,-1.199926,-3.8974347000000003,6.6990337,-1
654,655,1566471288400,-0.7996,-10.0784,-1.1809,-0.66740763,-3.9158318,6.3360057,-1
655,656,1566471288410,-0.25959998,-10.0174,-1.4405999,-0.17592594,-3.7551807999999998,6.0816073,-1
656,657,1566471288420,0.3696,-9.8187,-1.6883,0.63899326,-3.4401900000000003,5.7325325,-1
657,658,1566471288431,1.1961,-9.5896,-1.9445,1.7254821,-3.065258,5.4651484,-1
658,659,1566471288441,2.0734,-9.2803,-2.0727,2.4829404,-2.770867,5.323402400000001,-1
659,660,1566471288452,2.9539999999999997,-8.8319,-2.2398999,3.4954388,-2.118313,5.1283607,-1
660,661,1566471288461,3.7998,-8.253799,-2.3681,4.218229,-1.6529281000000002,5.036567,-1
661,662,1566471288471,4.6106997000000005,-7.6344,-2.4473999,4.9242983,-1.0971285,4.9867196,-1
662,663,1566471288482,5.4465,-6.8952,-2.5758997999999997,6.0042653,-0.21781489,4.8431735,-1
663,664,1566471288492,6.3181996,-6.1053996,-2.6646,6.953614,0.7157131,4.773023,-1
664,665,1566471288502,6.8938,-5.3342,-2.7617998,7.4189606,1.2467469999999998,4.7275043,-1
665,666,1566471288513,7.4993,-4.6909,-2.8565,8.196397,1.9692596000000002,4.592644,-1
666,667,1566471288523,8.0848,-3.9822998,-3.0830998,8.796047999999999,2.8703606,4.4001019999999995,-1
667,668,1566471288533,8.4563,-3.1429,-3.2424998,9.201521000000001,3.5888602999999994,4.310645,-1
668,669,1566471288544,8.9861,-2.1272,-3.4287998999999996,10.167264999999999,4.6969357,4.0926290000000005,-1
669,670,1566471288554,9.7968,-1.1544,-3.6483,11.089080000000001,5.4915709999999995,4.00481,-1
670,671,1566471288564,10.819699,-0.1786,-3.7507,12.659572,6.593574,3.8744504,-1
671,672,1566471288574,12.0133,0.73969996,-3.9013998999999995,13.584184,7.189673,3.7036672,-1
672,673,1566471288585,12.9147,1.5130999,-4.1614,14.271770000000002,7.8954353,3.176282,-1
673,674,1566471288595,13.177798999999998,2.0262,-4.6823,14.269298999999998,7.9937320000000005,2.332642,-1
674,675,1566471288605,13.052199,2.0784,-5.4124,13.883926999999998,7.6695375,1.8512063,-1
675,676,1566471288615,12.4345,1.6277,-6.045099700000001,12.556227999999999,6.640596400000001,1.2950333,-1
676,677,1566471288626,11.2843,0.80109996,-6.4995,11.324344,5.6053432999999995,1.3159298000000001,-1
677,678,1566471288635,9.634399,-0.5015,-6.4367,9.714378,4.4182695999999995,1.8226386000000003,-1
678,679,1566471288646,7.7447996,-1.7631999,-5.7307997,7.0885034,2.7357874,3.4999684999999996,-1
679,680,1566471288655,5.479,-3.0414,-4.1816,4.4039235,1.1123459999999998,6.3156934,-1
680,681,1566471288665,3.2099998,-4.2507997,-1.8215,2.8420419999999997,0.2896218,8.765125,-1
681,682,1566471288675,1.2837,-5.0367,1.1043999,1.0448104,-0.37263355,12.437188,-1
682,683,1566471288686,-0.25579998,-5.3420000000000005,4.0762997,0.28669128,-0.45442906,14.119689000000001,-1
683,684,1566471288696,-1.3292999,-5.1868,6.0390997,-0.5606933000000001,-0.08056968,15.448653,-1
684,685,1566471288706,-2.0509999,-4.6658,6.9143,-0.85067904,0.39887398,15.435638,-1
685,686,1566471288716,-2.4764,-3.9090998,6.7587,-1.3157766000000002,1.231472,14.933095999999999,-1
686,687,1566471288726,-2.9752998,-3.0202,6.2453,-1.9435171999999998,1.7943871,14.759525,-1
687,688,1566471288736,-3.8579998,-2.1489,5.9888997,-2.733144,2.371476,14.938957,-1
688,689,1566471288746,-4.9199,-1.2491,6.1064,-3.6855477999999997,3.0664265,15.463364000000002,-1
689,690,1566471288757,-5.7042,-0.5033,6.7741,-4.1985774000000005,3.7869375,16.462723,-1
690,691,1566471288767,-6.3745,1.2789,7.9863,-4.271706,4.7027864,17.04147,-1
691,692,1566471288777,-6.0502996,2.4531,7.9635997000000005,-3.9419668,5.4986386,17.04958,-1
692,693,1566471288787,-5.5975,3.5449998,7.4751,-3.2571103999999997,6.604003,16.47343,-1
693,694,1566471288798,-4.8589,4.7153997,6.7671,-2.6480732000000002,7.326515700000001,15.966424,-1
694,695,1566471288808,-3.9982998,5.8127,6.1355996,-1.5896350000000001,8.38978,15.298278,-1
695,696,1566471288818,-3.1789,6.7430997,5.8473,-0.88304865,8.99288,15.130282000000001,-1
696,697,1566471288829,-2.3548,7.5315,5.7948,0.13386461,9.722019,15.109242000000002,-1
697,698,1566471288839,-1.9125999,8.1262,5.8978,0.53445286,10.195727,15.249599,-1
698,699,1566471288850,-1.8813,8.3466,5.8982,0.5814271,10.212113,15.173846,-1
699,700,1566471288859,-1.9253,8.1924,5.4976,0.4758907,9.854381,14.579185,-1
700,701,1566471288869,-2.1766,7.7943997000000005,4.8306,0.18489942,9.480225,14.049664499999999,-1
701,702,1566471288879,-2.7161999,7.266,4.1907,-0.6016054,8.750079,13.258723999999999,-1
702,703,1566471288889,-3.3339999,6.496299700000001,3.5784998,-1.1188774,8.1314945,12.836781,-1
703,704,1566471288899,-3.6743,5.7469,3.0339,-1.541272,7.275193700000001,12.189274000000001,-1
704,705,1566471288909,-3.9208,5.1397,2.5681,-1.8006407,6.830695599999999,11.900886999999999,-1
705,706,1566471288920,-3.9397,4.6874,2.2303,-1.8363048,6.5129757,11.643644,-1
706,707,1566471288930,-3.6023998,4.3809,1.7947999,-1.4905534,6.178621,11.105255999999999,-1
707,708,1566471288940,-3.1246,4.1218,1.2616,-1.0286545,5.8566294,10.504713,-1
708,709,1566471288950,-2.7642999,3.7127,0.96519995,-0.8496447,5.333812,10.472794,-1
709,710,1566471288960,-2.5943,3.2208,1.0734,-0.7733463,4.9084773,10.567374000000001,-1
710,711,1566471288970,-2.4039,2.5367,1.0855,-0.7079175999999999,4.4002550000000005,10.548430999999999,-1
711,712,1566471288980,-2.4493,1.8188,1.0388,-0.9778303,3.6211152,10.525772,-1
712,713,1566471288991,-2.6643999,1.2162,1.13,-1.1977328999999999,3.1410491,10.654044,-1
713,714,1566471289001,-2.6432,0.6493,1.2623,-1.1806861000000002,2.5614607000000005,10.783562,-1
714,715,1566471289011,-2.1993,0.1759,1.2495999,-0.6161525999999999,2.2254581,10.628186,-1
715,716,1566471289021,-1.6590999,-0.019,1.1125,-0.30727184,2.1834164,10.572813,-1
716,717,1566471289031,-1.145,-0.1122,1.0279,0.28171134,2.145722,10.408246,-1
717,718,1566471289041,-0.5279,-0.20089999,0.8387,0.70099354,2.1435862,10.225080499999999,-1
718,719,1566471289051,0.0557,-0.2744,0.6229,1.2600589,2.1718185,10.030047,-1
719,720,1566471289062,0.5646,-0.3109,0.5861,1.6608672999999998,2.2084117,10.065118,-1
720,721,1566471289072,1.1618998999999999,-0.30969998,0.7283,2.2126062,2.352648,10.285538,-1
721,722,1566471289082,1.6215998999999999,-0.2316,0.9317,2.8474529,2.5988293,10.341313000000001,-1
722,723,1566471289092,2.283,-0.0967,0.8919,3.5641522000000005,2.8131008,10.009697000000001,-1
723,724,1566471289102,3.3702,0.1445,0.3629,4.3578586999999995,3.1267507,9.496189,-1
724,725,1566471289113,4.2784,0.5056,-0.2346,5.2520165,3.7123053,8.828033999999999,-1
725,726,1566471289123,4.994,0.97069997,-0.6958,5.860249,4.3416643,8.341992,-1
726,727,1566471289133,5.5153,1.3953999,-1.0704,6.286034,4.6785574,8.012311,-1
727,728,1566471289143,6.1004996,1.7425,-1.4771999,6.6987276,5.1043134000000006,7.551226,-1
728,729,1566471289154,6.4361997,2.0421999,-1.8477999,6.764415,5.335948,7.2745137,-1
729,730,1566471289164,6.5565,2.2445,-2.1132998,6.6781564,5.6089153,7.127471000000001,-1
730,731,1566471289174,6.532099700000001,2.455,-2.155,6.69889,5.727437999999999,7.211996000000001,-1
731,732,1566471289184,6.7064,2.5611,-2.0011,6.9318175,5.8966026,7.4648333,-1
732,733,1566471289195,6.9385,2.6848,-1.7578,7.2237279999999995,6.115596,7.654770399999999,-1
733,734,1566471289205,7.4361,2.988,-1.5511,7.8509417,6.5011005,7.7368917,-1
734,735,1566471289215,7.9305997,3.2531,-1.5177,8.229599,6.705996000000001,7.6671534,-1
735,736,1566471289225,8.2142,3.353,-1.5595,8.305055,6.720351700000001,7.5904050000000005,-1
736,737,1566471289236,8.3013,3.2896,-1.6184,8.166210000000001,6.5849166,7.597778999999999,-1
737,738,1566471289245,8.0067,3.0061998,-1.587,7.792552000000001,6.1814456,7.601953999999999,-1
738,739,1566471289255,7.7429,2.5829,-1.5934,7.5810485,5.616778,7.340527000000001,-1
739,740,1566471289265,7.5695,2.0305998,-1.7949,7.410264999999999,5.19174,7.0780363,-1
740,741,1566471289275,7.3208,1.4010999,-2.1434999,6.813064999999999,4.5027657,6.7616369999999995,-1
741,742,1566471289286,6.8187,0.7967,-2.3272,6.0648193,4.00662,6.8278327,-1
742,743,1566471289296,5.8707,0.1523,-2.22,4.9117812999999995,3.3636906000000004,7.131991999999999,-1
743,744,1566471289306,4.917,-0.4215,-1.9310999,4.309591999999999,2.9871786,7.427359599999999,-1
744,745,1566471289316,4.2033997,-0.90419996,-1.5493,3.7649205,2.5624947999999996,7.797167999999999,-1
745,746,1566471289326,3.7475,-1.2580999,-1.2506,3.6032638999999995,2.4235352999999997,8.083350999999999,-1
746,747,1566471289336,3.5693,-1.3777,-1.0045998999999999,3.6371179,2.383466,8.234982,-1
747,748,1566471289346,3.5709998999999994,-1.4312999,-0.8204,3.6913517,2.2957904,8.391859,-1
748,749,1566471289356,3.5784,-1.5381999,-0.6089,3.3269347999999996,1.9872543999999999,8.740646,-1
749,750,1566471289367,2.5737,-2.115,-0.0521,2.5906029,1.5853446000000002,9.061392999999999,-1
750,751,1566471289377,1.8827,-2.4507,0.1766,2.0942178,1.3067458,9.25042,-1
751,752,1566471289387,1.248,-2.7567,0.4249,1.3280445,0.9000665999999999,9.551266,-1
752,753,1566471289397,0.46359998,-3.0918,0.6142,0.70947856,0.6244557,9.697513,-1
753,754,1566471289407,-0.5627,-3.3769998999999995,0.91099995,-0.4941058,0.24672727,10.05516,-1
754,755,1566471289417,-1.5806999,-3.7113,1.3354,-1.3171653,-0.053543925,10.429181,-1
755,756,1566471289427,-2.5939999,-4.0773997,1.8198999,-2.5020077,-0.5285823000000001,11.027674000000001,-1
756,757,1566471289437,-2.5939999,-4.0773997,1.8198999,-3.0145392,-0.78945446,11.264681,-1
757,758,1566471289448,-3.9294998999999997,-4.6923,2.2089,-3.7465522000000004,-1.1010646000000002,11.277878,-1
758,759,1566471289458,-4.555,-4.845,1.9667,-4.19987,-1.204609,11.076707,-1
759,760,1566471289468,-5.1177,-4.9849,1.6387999,-4.80659,-1.3632393,10.698165,-1
760,761,1566471289478,-5.4234,-5.2467,1.3812,-5.041795700000001,-1.5767351,10.474882000000001,-1
761,762,1566471289489,-5.5908,-5.5099,1.1732,-5.2327957000000005,-1.8470308999999998,10.248102000000001,-1
762,763,1566471289499,-5.7118998,-5.5457997,1.1903,-5.321946,-1.7635976000000002,10.308522,-1
763,764,1566471289509,-5.714299700000001,-5.2355,1.3929,-5.251375,-1.3962313999999998,10.519807,-1
764,765,1566471289519,-5.375099700000001,-4.6767,1.5849999,-4.649406,-0.6899611,10.669722,-1
765,766,1566471289529,-4.6619,-4.0374,1.5611999,-3.9934042,-0.1885769,10.575591000000001,-1
766,767,1566471289539,-3.7603,-3.4659,1.4297999,-2.7467911,0.58418524,10.405296,-1
767,768,1566471289549,-2.7001,-2.7078,1.3284999,-1.911454,1.232535,10.364517999999999,-1
768,769,1566471289559,-1.8836,-1.8628,1.4053,-0.95373505,2.162893,10.49663,-1
769,770,1566471289570,-1.3341,-1.2362,1.4937999,-0.44376048,2.6637697,10.494821,-1
770,771,1566471289580,-0.85209996,-0.84819996,1.3086,0.12478579,3.071397,10.183525999999999,-1
771,772,1566471289590,-0.53749996,-0.61969995,0.91709995,0.36204159999999996,3.2216953999999998,9.854084,-1
772,773,1566471289600,-0.3891,-0.5193,0.5437,0.5143224000000001,3.342545,9.407192,-1
773,774,1566471289611,-0.40179998,-0.505,0.19739999,0.4257178,3.3599940000000004,8.993530999999999,-1
774,775,1566471289621,-0.49159998,-0.4768,-0.132,0.34686238,3.389098,8.766235,-1
775,776,1566471289631,-0.47599998,-0.4714,-0.3866,0.39209363,3.4464917,8.524967,-1
776,777,1566471289642,-0.449,-0.36089998,-0.4678,0.39692990000000006,3.5151574999999995,8.550892,-1
777,778,1566471289651,-0.3974,-0.30269998,-0.4042,0.4943356,3.5752137000000004,8.690980999999999,-1
778,779,1566471289661,-0.2528,-0.2393,-0.22469999,0.6340229000000001,3.6280775000000003,8.852571000000001,-1
779,780,1566471289672,-0.141,-0.1724,-0.0168,0.7021524,3.6782024,9.176285,-1
780,781,1566471289682,-0.0889,-0.13329999,0.24919999,0.73095936,3.6696792,9.344426,-1
781,782,1566471289692,-0.073199995,-0.113699995,0.3777,0.7321276999999999,3.6786814,9.380052000000001,-1
782,783,1566471289703,-0.0906,-0.074999996,0.3491,0.63210756,3.6571336000000003,9.358015,-1
783,784,1566471289713,-0.24069999,-0.1353,0.3205,0.42978793,3.5241404000000003,9.401686,-1
784,785,1566471289723,-0.3997,-0.2653,0.3904,0.29451552,3.3789849999999997,9.527975,-1
785,786,1566471289733,-0.4522,-0.3489,0.48119998,0.33258334,3.382624,9.530666,-1
786,787,1566471289743,-0.3478,-0.2893,0.3971,0.49822378,3.5648994,9.393612,-1
787,788,1566471289753,-0.2051,-0.0968,0.315,0.5438669,3.6699471,9.324908,-1
788,789,1566471289763,-0.114999995,0.022599999,0.2251,0.6191979999999999,3.7701684999999996,9.234714,-1
789,790,1566471289773,-0.0779,0.060099997,0.1566,0.63987434,3.7665772000000004,9.206328,-1
790,791,1566471289783,-0.016099999,0.0654,0.118999995,0.7290344,3.8203607,9.155677,-1
791,792,1566471289793,0.0519,0.1375,0.0725,0.75622296,3.890032,9.13003,-1
792,793,1566471289803,0.0689,0.2286,0.0462,0.81215155,4.016168,9.045208,-1
793,794,1566471289813,0.1138,0.32,-0.039,0.8790743000000001,4.088492,8.960204,-1
794,795,1566471289824,0.22659999,0.38329998,-0.1148,1.0220175999999999,4.1576176,8.917702,-1
795,796,1566471289833,0.32979998,0.4394,-0.1428,1.0835296,4.2009907,8.887258000000001,-1
796,797,1566471289843,0.4046,0.4987,-0.16229999,1.1074332,4.285851,8.9007225,-1
797,798,1566471289853,0.3834,0.5715,-0.1541,1.0807235,4.3005705,8.886463000000001,-1
798,799,1566471289863,0.3946,0.58,-0.1478,1.1320839,4.2072444,9.040851,-1
799,800,1566471289874,0.40829998,0.47489998,0.0034999999,1.1067053,4.096747,9.17844,-1
800,801,1566471289884,0.3958,0.3468,0.18159999,0.9957005999999999,3.9196050000000002,9.3346195,-1
801,802,1566471289894,0.26549998,0.23349999,0.2832,0.8986492,3.8632263999999994,9.417842,-1
802,803,1566471289904,0.1697,0.1934,0.38259998,0.77187145,3.8333182,9.560575,-1
803,804,1566471289914,0.0852,0.1919,0.46269998,0.7322714,3.8237699999999997,9.589582,-1
804,805,1566471289924,0.070199996,0.218,0.5042,0.71087676,3.8703705999999998,9.652358,-1
805,806,1566471289934,0.0554,0.2511,0.51739997,0.68113124,3.8392844,9.630361,-1
806,807,1566471289944,0.0411,0.2218,0.4928,0.65139526,3.749636,9.582955,-1
807,808,1566471289954,0.0367,0.1396,0.44039997,0.626371,3.6796486000000006,9.499072,-1
808,809,1566471289965,-0.0061999997,0.073199995,0.311,0.57639927,3.6307205999999996,9.439886999999999,-1
809,810,1566471289975,0.0001,0.0624,0.3006,0.5092084,3.638497,9.366357,-1
810,811,1566471289985,-0.052199997000000005,0.0492,0.2519,0.47588109999999995,3.6325881,9.3717,-1
811,812,1566471289995,-0.0755,0.054399997,0.2527,0.4611424,3.5954876000000002,9.348822,-1
812,813,1566471290005,-0.070099995,0.0,0.23439999,0.4822018,3.6446644999999998,9.282656,-1
813,814,1566471290016,-0.0252,0.0528,0.1574,0.45633483,3.6508510000000003,9.134319999999999,-1
814,815,1566471290026,-0.048499997999999996,0.046499997,0.011899999,0.4525903,3.6393400000000002,9.006039,-1
815,816,1566471290036,-0.0324,0.030499997999999997,-0.1237,0.48425123,3.6296767999999995,8.764693,-1
816,817,1566471290046,0.038599997999999996,0.020399999,-0.5528,0.48064077,3.6439269999999997,8.537388,-1
817,818,1566471290057,0.038599997999999996,0.020399999,-0.5528,0.5030218,3.6617591,8.467851,-1
818,819,1566471290067,0.1116,0.0769,-0.6216,0.54584926,3.7248987999999996,8.5042715,-1
819,820,1566471290077,0.196,0.1183,-0.5345,0.61444795,3.7455082,8.578741,-1
820,821,1566471290087,0.23789999,0.1126,-0.4087,0.65902793,3.7227824000000003,8.7388935,-1
821,822,1566471290098,0.249,0.0786,-0.3324,0.67024237,3.699511,8.782986,-1
822,823,1566471290107,0.23079999,0.0748,-0.2564,0.6252218,3.675933,8.8643875,-1
823,824,1566471290117,0.1443,0.0711,-0.2197,0.5623597,3.6735002999999997,8.899153,-1
824,825,1566471290127,0.15619999,0.0863,-0.3004,0.59866536,3.684456,8.806975,-1
825,826,1566471290137,0.2958,0.100999996,-0.42,0.7079846,3.7047303,8.712845,-1
826,827,1566471290148,0.3951,0.1838,-0.51989996,0.83821005,3.7964187000000007,8.590702,-1
827,828,1566471290157,0.3951,0.1838,-0.51989996,0.96589756,3.8598745,8.54573,-1
828,829,1566471290167,0.6651,0.3496,-0.631,1.1217985000000001,3.9531047,8.484505,-1
829,830,1566471290177,0.8742,0.42299998,-0.71099997,1.2947746999999998,3.996325,8.419478,-1
830,831,1566471290187,1.1292,0.56549996,-0.8009,1.5859191000000001,4.1596193,8.331861,-1
831,832,1566471290198,1.3126999,0.7777,-0.8224,1.7557926,4.3392987000000005,8.3161545,-1
832,833,1566471290208,1.5221,1.1285,-0.78529996,2.039534,4.761138,8.372246,-1
833,834,1566471290218,1.749,1.4805,-0.7976,2.229816,5.034489,8.342769,-1
834,835,1566471290228,1.749,1.4805,-0.7976,2.5429103,5.4992704,8.133352,-1
835,836,1566471290239,2.2345,2.2751,-1.1859,2.7442052,5.8119054000000006,7.9677887,-1
836,837,1566471290248,2.4766998,2.7375998,-1.5328,3.0574049999999997,6.3343300000000005,7.535922500000001,-1
837,838,1566471290258,2.7463,3.0841,-1.9396,3.2805352,6.595949000000001,7.213710300000001,-1
838,839,1566471290268,2.8776,3.4247,-2.2503,3.3827772000000005,6.9559216,6.864588,-1
839,840,1566471290279,2.7816,3.6734,-2.5049,3.2425728,7.231312299999999,6.652471,-1
840,841,1566471290289,2.5904999,3.9406,-2.4196,2.9978087,7.44365,6.883847,-1
841,842,1566471290299,2.214,4.197,-1.7974999,2.554441,7.6792393,7.72945,-1
842,843,1566471290309,1.9137,4.4199,-1.0198,2.3968067000000004,7.7922072,8.320041999999999,-1
843,844,1566471290320,1.8698,4.6054,-0.2911,2.3760822,7.9715036999999995,9.239378,-1
844,845,1566471290330,1.7930000000000001,4.7788997,0.3996,2.2815783,8.045169,9.741155000000001,-1
845,846,1566471290340,1.4039999,4.8002,0.96489996,1.7176672999999998,7.9562100000000004,10.453286,-1
846,847,1566471290351,0.6519,4.6382,1.6112,1.0122876,7.744179700000001,11.083717,-1
847,848,1566471290361,-0.2751,4.3311,2.5942,-0.06473921,7.3322616,12.372698,-1
848,849,1566471290371,-1.2250999,3.9457,3.8169,-1.1301589,6.817825,13.7266865,-1
849,850,1566471290381,-2.0465999,3.5182998,4.7994,-1.6940221999999998,6.5028242999999994,14.422595000000001,-1
850,851,1566471290392,-2.7323,3.1936,5.5519,-2.3167827,6.176954299999999,15.1627865,-1
851,852,1566471290402,-3.2096,2.8722,6.0846,-2.606577,5.8467459999999996,15.587287,-1
852,853,1566471290412,-3.5723998999999997,2.2989,6.6031,-2.9364789,5.162684,16.052214000000003,-1
853,854,1566471290422,-3.8274,1.6697999,6.8719997,-3.0883381,4.78327,16.08776,-1
854,855,1566471290432,-3.9889997999999998,1.2219,6.7433996,-3.146144,4.431466,15.604153,-1
855,856,1566471290443,-3.9178998,0.9690000000000001,6.1277,-2.8371289,4.413998,14.616688,-1
856,857,1566471290453,-3.5593998,0.8962,5.269,-2.485028,4.4375186,14.039397,-1
857,858,1566471290463,-3.1606,0.79249996,4.8336,-2.2003095,4.186501,13.707158999999999,-1
858,859,1566471290473,-2.9550998,0.3858,4.6349,-2.1022623,3.728883,13.700551,-1
859,860,1566471290484,-2.8339999,-0.38349998,4.7025,-2.0537462,2.745211,13.69245,-1
860,861,1566471290494,-2.8497,-1.2932999,4.6843,-2.1739447,2.1430402,13.471292000000002,-1
861,862,1566471290504,-3.0131997999999998,-2.1894999,4.3947,-2.4163527,1.2112459,13.036036,-1
862,863,1566471290515,-3.2317998,-3.0828,4.0791,-2.662544,0.5874796,12.696442999999999,-1
863,864,1566471290524,-3.467,-3.8855,3.6890998,-2.889543,-0.25570074,11.907983999999999,-1
864,865,1566471290534,-3.5697,-4.7046,2.9994,-3.0116568,-0.83058685,11.250728,-1
865,866,1566471290544,-3.5989999999999998,-5.5765,2.1659,-3.0436144,-1.6317921,10.174533,-1
866,867,1566471290554,-3.5475,-6.3304996,1.354,-3.1024737,-2.0794888,9.562413000000001,-1
867,868,1566471290565,-3.5489,-7.0118,0.69949996,-3.2091687,-2.684762,8.829912,-1
868,869,1566471290575,-3.5686,-7.607199700000001,0.1713,-3.4454381,-3.1568124,8.343573,-1
869,870,1566471290585,-3.6608,-8.1057,-0.1223,-3.6658769999999996,-3.4289372000000005,8.036445,-1
870,871,1566471290595,-3.8595998,-8.5147,-0.4517,-3.83101,-3.8827343,7.609884,-1
871,872,1566471290605,-3.9085,-8.9914,-0.7647,-3.9020507000000006,-4.1443057,7.367800999999999,-1
872,873,1566471290615,-3.9148998,-9.3698,-1.0133,-3.8046260000000003,-4.4243894,7.1014800000000005,-1
873,874,1566471290625,-3.7436,-9.6701,-1.188,-3.6640577000000003,-4.5414176,6.9998125999999985,-1
874,875,1566471290636,-3.4958,-9.875199,-1.2779,-3.2077804,-4.6493483,6.9215508,-1
875,876,1566471290646,-3.0561,-10.0074,-1.2915,-2.7003147999999997,-4.6062145,6.8221436,-1
876,877,1566471290656,-2.3344998,-10.0008,-1.4135,-1.7435726000000003,-4.4321364999999995,6.507967,-1
877,878,1566471290666,-1.556,-9.8969,-1.6328,-0.92030245,-4.130534,6.2638826,-1
878,879,1566471290677,-0.87869996,-9.706099499999999,-1.7919999,-0.49409620000000004,-3.959454,6.100693700000001,-1
879,880,1566471290687,0.0929,-9.4865,-2.1748,0.066396005,-3.848507,5.778358,-1
880,881,1566471290697,0.5003,-9.514299000000001,-2.4290000000000003,0.39847177,-3.8263462,5.5564055,-1
881,882,1566471290707,0.80109996,-9.430699,-2.6359,0.8208473,-3.6657815,5.279454,-1
882,883,1566471290717,1.1895,-9.252299,-2.6313,1.1824386999999998,-3.4628968,5.279310700000001,-1
883,884,1566471290728,1.3863,-8.809899,-2.3088,1.4769351000000002,-2.8963616,5.6466956,-1
884,885,1566471290738,1.5863999,-8.359,-1.9620999,1.7346468999999998,-2.5079262000000004,5.900893,-1
885,886,1566471290748,2.2759,-8.095799000000001,-1.4438,2.7797928,-2.1601157000000004,6.556454,-1
886,887,1566471290758,3.3058,-7.773,-0.8929,3.645421,-1.8825703,6.938042,-1
887,888,1566471290768,4.4908,-7.093499700000001,-0.6946,5.122787000000001,-1.0349176,7.153166000000001,-1
888,889,1566471290778,5.4041,-6.0827,-0.5484,6.2813797,0.24397872,7.357660000000001,-1
889,890,1566471290789,6.1133,-4.9235997000000005,-0.4373,6.785464299999999,1.12561,7.47578,-1
890,891,1566471290799,6.5238,-3.7619998,-0.28399998,7.261412599999999,2.3561819,7.678281299999999,-1
891,892,1566471290809,6.7377,-2.7642,-0.2552,7.4026704,3.1848054,7.696727,-1
892,893,1566471290819,6.9796,-1.6987,-0.4454,7.6471477,3.8920429,7.5996175,-1
893,894,1566471290829,7.5906997,-0.84489995,-0.7423,8.380999000000001,4.7732529999999995,7.3283353,-1
894,895,1566471290840,8.4418,0.0871,-1.1814,9.477725999999999,5.8615804,6.850950699999999,-1
895,896,1566471290850,9.374499,1.2699,-1.6809,10.124371,6.6748905,6.5502195,-1
896,897,1566471290860,9.8201,2.5546,-2.2,10.435827,8.02025,6.013152,-1
897,898,1566471290870,9.982699,3.7047,-2.7180998,10.545089,8.888713000000001,5.682303,-1
898,899,1566471290880,10.1109,4.876,-3.1160997999999998,10.530446000000001,10.0112295,5.329704,-1
899,900,1566471290890,10.0524,5.9210997,-3.5112,10.308465,11.069879,4.9374375,-1
900,901,1566471290900,9.8425,6.899399799999999,-3.8643,10.043887,11.707972,4.8382025,-1
901,902,1566471290910,9.507,7.7618,-3.8711,9.742044,12.227657,4.9928493,-1
902,903,1566471290920,9.2021,8.5265,-3.4719,9.42895,12.992365,5.6954226,-1
903,904,1566471290931,9.0183,9.278999,-2.7767,9.247308,13.653279999999999,6.6279645,-1
904,905,1566471290941,8.781799000000001,9.969999000000001,-2.0600998,9.084866,14.125072,7.169447,-1
905,906,1566471290951,8.5522995,10.673699000000001,-1.4281,8.956077,14.603242000000002,7.8426867,-1
906,907,1566471290961,8.4402,11.400499,-0.4561,9.056317,15.278953,9.082816000000001,-1
907,908,1566471290972,8.550799000000001,12.0331,0.6004,9.335146,15.788717000000002,10.400048,-1
908,909,1566471290982,8.650499,12.4458,1.7009999999999998,9.341332000000001,15.900333999999999,11.42854,-1
909,910,1566471290992,8.3379,12.5906,3.0792,8.95555,15.7432165,13.202566000000001,-1
910,911,1566471291003,7.8258996,12.3783,4.5873,8.565314,15.363907999999999,14.307432999999998,-1
911,912,1566471291013,7.1997,11.7962,5.7247996,7.577179400000001,14.282323000000002,15.65375,-1
912,913,1566471291024,6.0396,10.763,6.8545,5.847665,12.655395500000001,17.236128,-1
913,914,1566471291033,4.416,9.364699,8.252,4.329923,11.349991000000001,18.47907,-1
914,915,1566471291043,2.6503,7.9293,9.6355,2.2872577,9.498153,20.018534,-1
915,916,1566471291053,0.96209997,6.4189,10.840899,1.1541008999999998,8.438976,20.563368,-1
916,917,1566471291063,-0.4281,5.101,11.2715,-0.15008773,6.950655,20.45403,-1
917,918,1566471291074,-1.3352,3.8916,11.0062,-0.81502455,6.0274220000000005,19.845222,-1
918,919,1566471291084,-2.2442,2.7024999,9.9566,-1.7787962,4.7571735,18.063602,-1
919,920,1566471291094,-2.8823,1.4606999,8.4654,-2.2288964,3.7162318,17.014997,-1
920,921,1566471291104,-3.3662998999999996,0.1348,7.3464,-3.0149128,2.3166103,15.735163,-1
921,922,1566471291114,-4.0223,-1.1482999,6.3427,-3.529982,1.5961471999999999,14.979876999999998,-1
922,923,1566471291125,-4.6169,-2.2058,5.4728,-4.248846,0.6505333000000001,14.045278,-1
923,924,1566471291135,-5.106,-3.0825999,4.8143997,-4.530759,0.15412913,13.499697,-1
924,925,1566471291145,-5.3293,-3.767,4.2109,-4.4700513,-0.2262808,12.819963000000001,-1
925,926,1566471291155,-5.0957,-4.1707997,3.7314,-3.8591373,-0.29479328,11.966325,-1
926,927,1566471291166,-4.541,-4.3817997,3.072,-3.3887339,-0.26533502,11.39593,-1
927,928,1566471291176,-3.906,-4.5162,2.418,-2.5794172000000004,-0.24529076,10.597886,-1
928,929,1566471291186,-3.2540998,-4.6784,1.8756,-2.2220584999999997,-0.25570074,10.082979,-1
929,930,1566471291196,-2.8242998,-4.8557,1.3152,-1.9080351999999998,-0.3176627,9.182999,-1
930,931,1566471291207,-2.5618,-5.0847,0.6267,-1.5813606000000002,-0.4389338,8.264822,-1
931,932,1566471291216,-2.2582998,-5.3234997,-0.0447,-1.4708921999999998,-0.5493735,7.787830400000001,-1
932,933,1566471291226,-2.0532,-5.5989,-0.6031,-1.4168886,-0.66604775,7.365139,-1
933,934,1566471291236,-1.9287,-5.8901997,-1.0789,-1.3333883999999998,-0.9454894,6.745711,-1
934,935,1566471291246,-1.7718999,-6.5565996,-1.7478,-1.3192434,-1.1386919,6.475348,-1
935,936,1566471291256,-1.7718999,-6.5565996,-1.7478,-1.4837251,-1.3624636,6.330997,-1
936,937,1566471291266,-1.8542,-6.824,-1.8045,-1.5596309,-1.5356889,6.3744664,-1
937,938,1566471291276,-1.9001,-7.1074996,-1.6922,-1.6656939999999998,-1.8352897000000001,6.514958,-1
938,939,1566471291287,-1.9288,-7.4191,-1.5373,-1.6350578000000002,-1.9321303,6.371919,-1
939,940,1566471291297,-1.6416,-7.5699997,-1.8577,-1.4649258,-1.8898966,6.139375,-1
940,941,1566471291307,-1.4473,-7.491699700000001,-2.1931998999999998,-1.27474,-1.7478534,5.7092133,-1
941,942,1566471291317,-1.2616,-7.4395,-2.4127998,-1.1449934,-1.6871939999999999,5.529580999999999,-1
942,943,1566471291327,-1.0182999,-7.3947,-2.6139997999999998,-0.8972798000000001,-1.5826248,5.23588,-1
943,944,1566471291337,-0.85349995,-7.4561996,-2.9338,-0.76081985,-1.6281338,4.963476999999999,-1
944,945,1566471291347,-0.73429996,-7.6334995999999995,-3.333,-0.63037413,-1.8078330000000002,4.472569999999999,-1
945,946,1566471291357,-0.6902,-7.817199700000001,-3.6464,-0.59895265,-1.9391692999999999,4.209304,-1
946,947,1566471291367,-0.6752,-7.7888,-3.8758,-0.5629343000000001,-1.8681189999999999,3.921664,-1
947,948,1566471291378,-0.6033,-7.6245,-3.9641998,-0.47194505,-1.7227718,3.8632263999999994,-1
948,949,1566471291388,-0.3876,-7.5481997000000005,-3.7558,-0.13458288,-1.6433897000000002,4.128456,-1
949,950,1566471291398,-0.07400000000000001,-7.6273,-3.4868998999999996,0.16568834,-1.732588,4.346328700000001,-1
950,951,1566471291408,0.15529999,-7.8616996,-3.0691,0.50312716,-2.0543113,4.913533999999999,-1
951,952,1566471291419,0.24479999,-8.1438,-2.5511,0.64239305,-2.4269254,5.510571499999999,-1
952,953,1566471291429,0.3658,-8.4549,-2.1578999,0.8137795999999999,-2.7027664000000002,5.801246599999999,-1
953,954,1566471291439,0.56119996,-8.8048,-1.9876,1.0963528,-3.2434632999999997,6.0113235000000005,-1
954,955,1566471291449,0.68579996,-9.1713,-1.7966,1.1855223999999998,-3.5504480000000003,6.264735,-1
955,956,1566471291460,0.47379997,-9.325,-1.4697,0.8562335999999999,-3.782829,6.741162299999999,-1
956,957,1566471291470,-0.095199995,-9.3412,-1.0475,0.28070578,-3.8390927,7.1905828,-1
957,958,1566471291480,-0.95809996,-9.2276,-0.36339998,-0.66906446,-3.8346013999999995,8.22508,-1
958,959,1566471291490,-1.5452,-8.985499,0.52669996,-0.96108043,-3.5900862,9.296292999999999,-1
959,960,1566471291501,-1.4979999,-8.5102,1.1854,-0.5899217,-3.2176633,9.8304,-1
960,961,1566471291510,-0.81479996,-7.6186,1.7136999,0.055133678,-2.5227606,10.262114,-1
961,962,1566471291520,0.0095,-6.2148,1.9469,1.1104691,-0.99836296,10.597053,-1
962,963,1566471291530,0.48999998,-4.6243,2.063,1.4474002000000001,0.26332387,10.761678,-1
963,964,1566471291540,0.81509995,-2.7995,2.1316,1.9018486000000001,2.2065442,10.957619000000001,-1
964,965,1566471291550,1.0733,-0.9669,2.2519,2.1442759999999996,3.4098413,11.172283,-1
965,966,1566471291561,1.3810999,0.5099,2.5424,2.7307975,4.8867383,11.679395,-1
966,967,1566471291571,2.0025,1.9925,3.0042,3.4779608,6.4271197,12.581971000000001,-1
967,968,1566471291581,2.4691,3.4961,3.9148,3.8355303,7.329446300000001,13.480907,-1
968,969,1566471291591,2.7793,4.6907997,5.0509996,4.270154499999999,8.347298,14.875376000000001,-1
969,970,1566471291601,2.9882,5.6275,6.0417,4.542605,8.873600999999999,15.618248999999999,-1
970,971,1566471291611,3.3472,6.4460998,6.6222,5.005337,9.637438000000001,16.067612,-1
971,972,1566471291622,3.5772,7.1787,6.7332997,5.2870007,9.997209,15.956933,-1
972,973,1566471291631,4.0302997000000005,7.5976996,6.2447996,5.9566493,10.169257,15.021547,-1
973,974,1566471291641,4.4488,7.7749996,5.192199700000001,6.0552998,10.142652499999999,14.06739,-1
974,975,1566471291651,4.1642,7.6875,4.0537,5.664346,9.917339,13.256129999999999,-1
975,976,1566471291661,3.5293998999999996,7.1973,3.3674998,4.915641,9.181668,12.65893,-1
976,977,1566471291672,2.8639997999999998,6.5867,3.0340998,4.10234,8.378681,12.275742999999999,-1
977,978,1566471291682,2.2315,6.0962,2.6496,3.5292065000000004,8.040074,12.0124855,-1
978,979,1566471291692,1.5409,5.8757997,2.4493,2.8031217999999996,7.7993608,11.960723,-1
979,980,1566471291703,1.2139,5.8563,2.494,2.8537927000000005,7.699896300000001,12.163876,-1
980,981,1566471291713,1.4037,5.8773,2.638,3.051592,7.688298700000001,12.151675,-1
981,982,1566471291723,1.6725999,5.9344997,2.5677,3.3002538999999995,7.617076400000001,11.912025,-1
982,983,1566471291733,1.8786,5.9458,2.2927,3.2772982,7.475387,11.694736500000001,-1
983,984,1566471291744,1.8541,5.7711997,1.9116,3.1641004,7.0737357,11.094702,-1
984,985,1566471291753,1.7882999,5.4393997,1.3454,2.9468985,6.6536303,10.714780000000001,-1
985,986,1566471291763,1.4945998999999999,5.0006,0.90779996,2.2184289,5.996738,10.105523,-1
986,987,1566471291773,0.9007,4.4558,0.4323,1.7345513,5.4729056,10.013145,-1
987,988,1566471291784,0.3434,3.7874,0.3214,1.1749018,4.7240085999999994,9.885946,-1
988,989,1566471291794,0.029299999,3.2710000000000004,0.18249999,0.92113554,4.4223394,9.757809,-1
989,990,1566471291804,-0.2368,3.1125998,0.1528,0.7942812,3.9085057,9.617422,-1
990,991,1566471291814,-0.22919999,2.5370998,-0.0815,0.6364363000000001,3.6144402,9.548211,-1
991,992,1566471291824,-0.3671,2.2028,-0.1583,0.53177136,3.4179049,9.4446945,-1
992,993,1566471291834,-0.33609998,2.0818,-0.23449999,0.3987974,2.8252919999999997,9.314469,-1
993,994,1566471291844,-0.44889998,1.3117,-0.57519996,0.16624379,2.4314747000000003,8.973554,-1
994,995,1566471291854,-0.59929997,1.1393,-0.7291,0.087062754,2.1574247000000004,8.962886,-1
995,996,1566471291864,-0.5789,0.81079996,-0.7254,-0.058332327999999996,1.7974134999999998,9.116038,-1
996,997,1566471291874,-0.6742,0.5318,-0.564,-0.015562311,1.6769563000000003,9.239837,-1
997,998,1566471291884,-0.5437,0.42859998,-0.42119998,0.04336378,1.5778843,9.5711565,-1
998,999,1566471291894,-0.46249998,0.4016,-0.0616,0.29615316,1.6940987,9.893905,-1
999,1000,1566471291904,-0.0105,0.62509996,0.2893,1.0451072,2.156898,10.259097,-1
1000,1001,1566471291915,0.6579,1.0181999,0.5239,1.3242903999999998,2.1402152,10.330397,-1
1001,1002,1566471291925,0.8616,0.86329997,0.6128,1.2734376,1.8855487000000002,10.181429,-1
1002,1003,1566471291935,0.7327,0.6422,0.4082,1.0861822,1.796561,9.939873,-1
1003,1004,1566471291945,0.5678,0.5642,0.057,0.99782664,1.6963686000000002,9.540923,-1
1004,1005,1566471291955,0.5137,0.3983,-0.2649,0.9806746,1.4760445,9.298706,-1
1005,1006,1566471291966,0.5311,0.22649999,-0.4305,0.9102659,1.3457233,9.26534,-1
1006,1007,1566471291976,0.4432,0.0607,-0.44979998,0.6954869,1.2254673999999999,9.406321,-1
1007,1008,1566471291986,0.2868,-0.0398,-0.3229,0.58016294,1.1222292999999999,9.544964,-1
1008,1009,1566471291996,0.1577,-0.1556,-0.1767,0.6225689999999999,1.127104,9.564032000000001,-1
1009,1010,1566471292006,0.253,-0.1318,-0.1681,0.7165941,1.216877,9.565344,-1
1010,1011,1566471292016,0.3954,-0.0095999995,-0.1398,0.7955836,1.3451391000000001,9.681472,-1
1011,1012,1566471292026,0.4554,0.0923,-0.0525,0.84282607,1.3736206,9.695598,-1
1012,1013,1566471292036,0.5031,0.1338,-0.043199997000000004,0.7730206999999999,1.3370467,9.562431,-1
1013,1014,1566471292046,0.44299999999999995,0.0853,-0.17109999,0.6041624,1.1974361,9.486995,-1
1014,1015,1566471292057,0.15689999,-0.1206,-0.3187,0.4749905,1.1210035,9.420580000000001,-1
1015,1016,1566471292067,0.094799995,-0.1881,-0.3191,0.40546286,1.0709454999999999,9.398544000000001,-1
1016,1017,1566471292077,0.1082,-0.1654,-0.19209999,0.4142255999999999,1.0741346,9.548,-1
1017,1018,1566471292087,0.078899994,-0.111499995,-0.0554,0.35235947,1.1373799,9.70303,-1
1018,1019,1566471292097,0.0681,-0.0761,0.090799995,0.36931998,1.1585926000000002,9.831185000000001,-1
1019,1020,1566471292107,0.106199995,-0.0506,0.198,0.4463654,1.2011326999999998,9.951787,-1
1020,1021,1566471292117,0.106199995,-0.0506,0.198,0.46361320000000006,1.2932999,9.966267,-1
1021,1022,1566471292127,0.1639,0.12329999,0.21679999,0.47801673,1.3442389,9.957494,-1
1022,1023,1566471292138,0.1345,0.1436,0.21669999,0.4405906,1.3653749,9.956403,-1
1023,1024,1566471292148,0.18349999,0.16239999,0.21679999,0.4938089,1.3876985000000002,9.939250999999999,-1
1024,1025,1566471292158,0.1153,0.2004,0.1581,0.42712557,1.4205085,9.895226,-1
1025,1026,1566471292168,0.0567,0.24849999,0.13859999,0.35793316,1.4815989999999999,9.882,-1
1026,1027,1566471292179,0.0072999996999999995,0.22829999,0.1485,0.30807629999999997,1.4375073999999999,9.884605,-1
1027,1028,1566471292189,0.0265,0.19829999,0.12889999,0.33334949999999997,1.4298748,9.85465,-1
1028,1029,1566471292199,0.1041,0.1977,0.1584,0.39126045,1.4205851999999999,9.922999,-1
1029,1030,1566471292209,0.1033,0.1774,0.16839999,0.40102878,1.4033468999999998,9.916764,-1
1030,1031,1566471292220,0.0451,0.1574,0.139,0.32874304,1.3349398000000001,9.850646000000001,-1
1031,1032,1566471292231,-0.010199999,0.069,0.08,0.2823913,1.2561419,9.804285,-1
1032,1033,1566471292241,0.013999999499999999,0.0005999999700000001,0.0799,0.32404083,1.2063903999999999,9.802139,-1
1033,1034,1566471292251,0.039,-0.0277,0.0404,0.33401027,1.2063137,9.748595,-1
1034,1035,1566471292261,0.0546,-0.0162,0.0008,0.33772612,1.2239064,9.735292999999999,-1
1035,1036,1566471292271,0.1092,0.0156,-0.019199999,0.42094854,1.3023021000000001,9.686672,-1
1036,1037,1566471292281,0.13409999,0.1266,-0.068799995,0.40364325,1.3760339,9.624604,-1
1037,1038,1566471292291,0.1391,0.1503,-0.118499994,0.39899850000000003,1.3151636999999998,9.645558,-1
1038,1039,1566471292301,0.105,0.057699997,-0.060399997999999996,0.35846946,1.2206981000000001,9.677363,-1
1039,1040,1566471292311,0.0532,-0.0234,-0.08109999400000001,0.23588632,1.1476367,9.595549,-1
1040,1041,1566471292321,-0.035099998,-0.0731,-0.1805,0.20139067,1.0692218999999998,9.537819,-1
1041,1042,1566471292332,-0.024,-0.1501,-0.192,0.26428154,1.0212132,9.632869,-1
1042,1043,1566471292342,0.0954,-0.106599994,-0.0468,0.36532643,1.1159662000000001,9.774376,-1
1043,1044,1566471292352,0.2742,0.0669,0.196,0.5806226,1.2921506,10.12594,-1
1044,1045,1566471292362,0.35549998,0.1735,0.45839998,0.54543746,1.2975231000000003,10.282110000000001,-1
1045,1046,1566471292372,0.3522,0.1529,0.65209997,0.5781326999999999,1.2227284,10.498574000000001,-1
1046,1047,1566471292382,0.434,0.1017,0.76739997,0.5388773,1.1075194,10.5304365,-1
1047,1048,1566471292393,0.37759998,-0.00049999997,0.7849,0.43601283,1.062901,10.625428999999999,-1
1048,1049,1566471292403,0.2713,-0.0365,0.94,0.26886886,1.0537934,10.786261999999999,-1
1049,1050,1566471292413,0.1143,0.003,1.1151,0.043239284,1.0738665,10.945974,-1
1050,1051,1566471292423,0.0347,0.077599995,1.2125,-0.05147534,1.2917006000000002,10.999509,-1
1051,1052,1566471292434,-0.0079,0.2749,1.1735,-0.32326509999999997,1.3551565,10.446448,-1
1052,1053,1566471292444,-0.2042,0.2496,0.115899995,-0.2960095,1.0606889,9.023344,-1
